sequence,frequency,replica,fraction,pattern
CAGGDDKIIF,3400,1,pos,1
CAGGGDKIIF,2249,1,pos,1
CAGGGDKIIF,2110,1,pos,1
CAGGNDKIIF,1572,1,pos,1
CAGGDDKIIF,1429,1,pos,1
CAGGEDKIIF,1334,1,pos,1
CAGGGDKIIF,1274,1,pos,1
CAGGGDKIIF,1268,1,pos,1
CAGGHDKIIF,1180,1,pos,1
CAGGADKIIF,1070,1,pos,1
CAGGVDKIIF,1004,1,pos,1
CAGGSDKIIF,930,1,pos,1
CAGGNDKIIF,868,1,pos,1
CAGGLDKIIF,862,1,pos,1
CAGGQDKIIF,788,1,pos,1
CAGGVDKIIF,777,1,pos,1
CAGGLDKIIF,765,1,pos,1
CAGGRDKIIF,732,1,pos,1
CAGGKDKIIF,728,1,pos,1
CAGGPDKIIF,719,1,pos,1
CAGGVDKIIF,704,1,pos,1
CAGGRDKIIF,671,1,pos,1
CAGGIDKIIF,652,1,pos,1
CAGGEDKIIF,620,1,pos,1
CAGGPDKIIF,598,1,pos,1
CAGGTDKIIF,592,1,pos,1
CAGGRDKIIF,570,1,pos,1
CAGGADKIIF,568,1,pos,1
CAGGMDKIIF,552,1,pos,1
CAGGTDKIIF,551,1,pos,1
CAGGPDKIIF,532,1,pos,1
CAGGIDKIIF,480,1,pos,1
CAGGKDKIIF,458,1,pos,1
CAGGHDKIIF,417,1,pos,1
CAGGIDKIIF,415,1,pos,1
CAGGADKIIF,409,1,pos,1
CAGSADKIIF,96,1,pos,1
CAGGDDKTIF,67,1,pos,1
CAGGGNKIIF,57,1,pos,1
CAGGNDKTIF,50,1,pos,1
CAGCIDKIIF,45,1,pos,1
CAGSTDKIIF,38,1,pos,1
CAGCTDKIIF,37,1,pos,1
CAGSRDKIIF,30,1,pos,1
CAGADDKIIF,29,1,pos,1
CAGGGNKIIF,29,1,pos,1
CAGGVEKIIF,27,1,pos,1
CAGGEDKTIF,26,1,pos,1
CAGSRDKIIF,24,1,pos,1
CAGSVDKIIF,24,1,pos,1
CAGSIDKIIF,24,1,pos,1
CAGGGDKIIF,2196,1,neg,1
CAGGGDKIIF,2042,1,neg,1
CAGGEDKIIF,1996,1,neg,1
CAGGVDKIIF,1825,1,neg,1
CAGGVDKIIF,1754,1,neg,1
CAGGADKIIF,1670,1,neg,1
CAGGDDKIIF,1639,1,neg,1
CAGGRDKIIF,1595,1,neg,1
CAGGLDKIIF,1548,1,neg,1
CAGGADKIIF,1493,1,neg,1
CAGGGDKIIF,1305,1,neg,1
CAGGVDKIIF,1267,1,neg,1
CAGGGDKIIF,1206,1,neg,1
CAGGVDKIIF,1158,1,neg,1
CAGGQDKIIF,1121,1,neg,1
CAGGHDKIIF,1117,1,neg,1
CAGGRDKIIF,1100,1,neg,1
CAGGLDKIIF,1089,1,neg,1
CAGGIDKIIF,1069,1,neg,1
CAGGPDKIIF,1052,1,neg,1
CAGGTDKIIF,1006,1,neg,1
CAGGQDKIIF,981,1,neg,1
CAGGMDKIIF,969,1,neg,1
CAGGEDKIIF,928,1,neg,1
CAGGTDKIIF,919,1,neg,1
CAGGPDKIIF,864,1,neg,1
CAGGPDKIIF,854,1,neg,1
CAGGRDKIIF,849,1,neg,1
CAGGPDKIIF,845,1,neg,1
CAGGNDKIIF,842,1,neg,1
CAGGKDKIIF,829,1,neg,1
CAGGRDKIIF,785,1,neg,1
CAGGDDKIIF,734,1,neg,1
CAGGADKIIF,693,1,neg,1
CAGGADKIIF,684,1,neg,1
CAGGIDKIIF,671,1,neg,1
CAGSDDKIIF,97,1,neg,1
CAGGGNKIIF,60,1,neg,1
CAGSADKIIF,58,1,neg,1
CAGSGDKIIF,56,1,neg,1
CAGSTDKIIF,55,1,neg,1
CAGGPDKITF,40,1,neg,1
CAGCKDKIIF,39,1,neg,1
CAGSSDKIIF,30,1,neg,1
CAGGRDKTIF,29,1,neg,1
CAGGTDKTIF,29,1,neg,1
CAGGADKTIF,28,1,neg,1
CAGGGDKNIF,28,1,neg,1
CAGGTDKTIF,26,1,neg,1
CAGSLDKIIF,26,1,neg,1
CAGGLDKTIF,25,1,neg,1
CAGGDDKIIF,5142,2,pos,1
CAGGGDKIIF,3592,2,pos,1
CAGGGDKIIF,3281,2,pos,1
CAGGNDKIIF,2550,2,pos,1
CAGGGDKIIF,2216,2,pos,1
CAGGDDKIIF,2080,2,pos,1
CAGGADKIIF,1875,2,pos,1
CAGGVDKIIF,1809,2,pos,1
CAGGEDKIIF,1805,2,pos,1
CAGGVDKIIF,1754,2,pos,1
CAGGNDKIIF,1553,2,pos,1
CAGGADKIIF,1503,2,pos,1
CAGGSDKIIF,1481,2,pos,1
CAGGLDKIIF,1419,2,pos,1
CAGGVDKIIF,1203,2,pos,1
CAGGRDKIIF,1184,2,pos,1
CAGGRDKIIF,1073,2,pos,1
CAGGIDKIIF,1029,2,pos,1
CAGGLDKIIF,992,2,pos,1
CAGGQDKIIF,984,2,pos,1
CAGGPDKIIF,936,2,pos,1
CAGGRDKIIF,876,2,pos,1
CAGGVDKIIF,876,2,pos,1
CAGGADKIIF,868,2,pos,1
CAGGKDKIIF,868,2,pos,1
CAGGEDKIIF,863,2,pos,1
CAGGPDKIIF,848,2,pos,1
CAGGPDKIIF,829,2,pos,1
CAGGPDKIIF,817,2,pos,1
CAGGMDKIIF,759,2,pos,1
CAGGIDKIIF,718,2,pos,1
CAGGIDKIIF,653,2,pos,1
CAGGRDKIIF,646,2,pos,1
CAGGTDKIIF,630,2,pos,1
CAGGSDKIIF,566,2,pos,1
CAGGLDKIIF,560,2,pos,1
CAGGDDKITF,111,2,pos,1
CAGGGDKITF,95,2,pos,1
CAGGGDKTIF,86,2,pos,1
CAGGGDKTIF,70,2,pos,1
CAGSVDKIIF,70,2,pos,1
CAGGDDKIIL,56,2,pos,1
CAGGGDKTIF,55,2,pos,1
CAGANDKIIF,45,2,pos,1
CAGGDDKTIF,45,2,pos,1
CAGGDNKIIF,44,2,pos,1
CAGCGDKIIF,42,2,pos,1
CAGGADKITF,42,2,pos,1
CAGGEDKITF,37,2,pos,1
CAGSEDKIIF,37,2,pos,1
CAGRRRKIIF,36,2,pos,1
CAGGGDKIIF,2272,2,neg,1
CAGGGDKIIF,2019,2,neg,1
CAGGEDKIIF,1855,2,neg,1
CAGGVDKIIF,1853,2,neg,1
CAGGADKIIF,1778,2,neg,1
CAGGLDKIIF,1713,2,neg,1
CAGGVDKIIF,1638,2,neg,1
CAGGRDKIIF,1467,2,neg,1
CAGGDDKIIF,1453,2,neg,1
CAGGKDKIIF,1417,2,neg,1
CAGGGDKIIF,1315,2,neg,1
CAGGRDKIIF,1192,2,neg,1
CAGGQDKIIF,1159,2,neg,1
CAGGLDKIIF,1123,2,neg,1
CAGGHDKIIF,1113,2,neg,1
CAGGIDKIIF,1049,2,neg,1
CAGGGDKIIF,1048,2,neg,1
CAGGVDKIIF,1043,2,neg,1
CAGGTDKIIF,1036,2,neg,1
CAGGVDKIIF,1027,2,neg,1
CAGGTDKIIF,982,2,neg,1
CAGGRDKIIF,956,2,neg,1
CAGGNDKIIF,956,2,neg,1
CAGGPDKIIF,927,2,neg,1
CAGGQDKIIF,921,2,neg,1
CAGGPDKIIF,914,2,neg,1
CAGGPDKIIF,906,2,neg,1
CAGGPDKIIF,884,2,neg,1
CAGGEDKIIF,867,2,neg,1
CAGGKDKIIF,862,2,neg,1
CAGGMDKIIF,856,2,neg,1
CAGGRDKIIF,787,2,neg,1
CAGGIDKIIF,752,2,neg,1
CAGGDDKIIF,666,2,neg,1
CAGGLDKIIF,663,2,neg,1
CAGGLDKIIF,632,2,neg,1
CAGSLDKIIF,88,2,neg,1
CAGSADKIIF,77,2,neg,1
CAGSEDKIIF,70,2,neg,1
CAGCPDKIIF,58,2,neg,1
CAGGPDKTIF,56,2,neg,1
CAGGGDKITF,45,2,neg,1
CAGGLDKTIF,42,2,neg,1
CAGCKDKIIF,35,2,neg,1
CAGGADKTIF,35,2,neg,1
CAGSMDKIIF,35,2,neg,1
CAGGPDKTIF,33,2,neg,1
CAGGVNKIIF,33,2,neg,1
CAGATDKIIF,29,2,neg,1
CAGGSDKTIF,29,2,neg,1
CAGCRDKIIF,28,2,neg,1
CAGGDDKIIF,6121,1,pos,2
CAGGDDKIIF,3268,1,pos,2
CAGGGDKIIF,2385,1,pos,2
CAGGGDKIIF,2314,1,pos,2
CAGGNDKIIF,2050,1,pos,2
CAGGRDKIIF,1514,1,pos,2
CAGGHDKIIF,1299,1,pos,2
CAGGVDKIIF,1285,1,pos,2
CAGGGDKIIF,1237,1,pos,2
CAGGADKIIF,983,1,pos,2
CAGGNDKIIF,917,1,pos,2
CAGGGDKIIF,902,1,pos,2
CAGGIDKIIF,868,1,pos,2
CAGGADKIIF,802,1,pos,2
CAGGHDKIIF,798,1,pos,2
CAGGRDKIIF,783,1,pos,2
CAGGPDKIIF,777,1,pos,2
CAGGTDKIIF,726,1,pos,2
CAGGSDKIIF,726,1,pos,2
CAGGKDKIIF,718,1,pos,2
CAGGQDKIIF,707,1,pos,2
CAGGIDKIIF,655,1,pos,2
CAGGLDKIIF,649,1,pos,2
CAGGVDKIIF,638,1,pos,2
CAGGVDKIIF,626,1,pos,2
CAGGQDKIIF,565,1,pos,2
CAGGMDKIIF,560,1,pos,2
CAGGPDKIIF,555,1,pos,2
CAGGEDKIIF,543,1,pos,2
CAGGSDKIIF,520,1,pos,2
CAGGPDKIIF,500,1,pos,2
CAGGRDKIIF,480,1,pos,2
CAGGPDKIIF,454,1,pos,2
CAGGTDKIIF,432,1,pos,2
CAGGLDKIIF,389,1,pos,2
CAGGVDKIIF,380,1,pos,2
CAGGLDKIIF,223,1,pos,2
CAGSVDKIIF,152,1,pos,2
CAGGDDKTIF,141,1,pos,2
CAGGDDKITF,96,1,pos,2
CAGSGDKIIF,95,1,pos,2
CAGGHDKTIF,48,1,pos,2
CAGGDDKNIF,44,1,pos,2
CAGGDDKIIF,35,1,pos,2
CAGGRDKTIF,35,1,pos,2
CAGGRDKTIF,34,1,pos,2
CAGGDNKIIF,32,1,pos,2
CAGGGDKTIF,31,1,pos,2
CAGGTDKTIF,24,1,pos,2
CAGGNDKTIF,24,1,pos,2
CAGGADKITF,23,1,pos,2
CAGGDDKIIF,6890,1,neg,2
CAGGDDKIIF,3455,1,neg,2
CAGGGDKIIF,2575,1,neg,2
CAGGGDKIIF,2289,1,neg,2
CAGGNDKIIF,2085,1,neg,2
CAGGRDKIIF,1737,1,neg,2
CAGGVDKIIF,1634,1,neg,2
CAGGGDKIIF,1397,1,neg,2
CAGGADKIIF,1388,1,neg,2
CAGGNDKIIF,1137,1,neg,2
CAGGADKIIF,1058,1,neg,2
CAGGIDKIIF,1042,1,neg,2
CAGGHDKIIF,954,1,neg,2
CAGGLDKIIF,906,1,neg,2
CAGGSDKIIF,904,1,neg,2
CAGGRDKIIF,892,1,neg,2
CAGGPDKIIF,868,1,neg,2
CAGGADKIIF,836,1,neg,2
CAGGTDKIIF,798,1,neg,2
CAGGQDKIIF,775,1,neg,2
CAGGVDKIIF,728,1,neg,2
CAGGKDKIIF,708,1,neg,2
CAGGLDKIIF,690,1,neg,2
CAGGEDKIIF,673,1,neg,2
CAGGPDKIIF,647,1,neg,2
CAGGPDKIIF,636,1,neg,2
CAGGSDKIIF,634,1,neg,2
CAGCGDKIIF,623,1,neg,2
CAGGVDKIIF,613,1,neg,2
CAGGIDKIIF,607,1,neg,2
CAGGMDKIIF,563,1,neg,2
CAGGEDKIIF,510,1,neg,2
CAGGRDKIIF,499,1,neg,2
CAGGLDKIIF,458,1,neg,2
CAGGTDKIIF,453,1,neg,2
CAGGIDKIIF,430,1,neg,2
CAGGDDKTIF,258,1,neg,2
CAGGLDKIIF,209,1,neg,2
CAGSGDKIIF,171,1,neg,2
CAGSADKIIF,116,1,neg,2
CAGGDDKTIF,95,1,neg,2
CAGCEDKIIF,67,1,neg,2
CAGGDDKIIL,67,1,neg,2
CAGGHDKTIF,46,1,neg,2
CAGCLDKIIF,44,1,neg,2
CAGGNDKTIF,42,1,neg,2
CAGGGNKIIF,37,1,neg,2
CAGGDDKISF,36,1,neg,2
CAGSADKIIF,32,1,neg,2
CAGGGDKITF,31,1,neg,2
CAGGDDKIIF,31,1,neg,2
CAGGGDKIIF,1841,2,pos,2
CAGGGDKIIF,1802,2,pos,2
CAGGVDKIIF,1600,2,pos,2
CAGGRDKIIF,1439,2,pos,2
CAGGIDKIIF,1353,2,pos,2
CAGGADKIIF,1316,2,pos,2
CAGGRDKIIF,1298,2,pos,2
CAGGDDKIIF,1230,2,pos,2
CAGGADKIIF,1211,2,pos,2
CAGGGDKIIF,1126,2,pos,2
CAGGRDKIIF,1043,2,pos,2
CAGGDDKIIF,1020,2,pos,2
CAGGPDKIIF,1004,2,pos,2
CAGGADKIIF,1003,2,pos,2
CAGGKDKIIF,997,2,pos,2
CAGGGDKIIF,878,2,pos,2
CAGGVDKIIF,869,2,pos,2
CAGGHDKIIF,867,2,pos,2
CAGGNDKIIF,851,2,pos,2
CAGGLDKIIF,776,2,pos,2
CAGGEDKIIF,764,2,pos,2
CAGGQDKIIF,743,2,pos,2
CAGGIDKIIF,734,2,pos,2
CAGGPDKIIF,709,2,pos,2
CAGGMDKIIF,704,2,pos,2
CAGGVDKIIF,689,2,pos,2
CAGGTDKIIF,664,2,pos,2
CAGGPDKIIF,645,2,pos,2
CAGGRDKIIF,629,2,pos,2
CAGGEDKIIF,624,2,pos,2
CAGGHDKIIF,591,2,pos,2
CAGGQDKIIF,552,2,pos,2
CAGGPDKIIF,517,2,pos,2
CAGGKDKIIF,500,2,pos,2
CAGGIDKIIF,483,2,pos,2
CAGGVDKIIF,478,2,pos,2
CAGGTDKIIF,262,2,pos,2
CAGCGDKIIF,181,2,pos,2
CAGSADKIIF,132,2,pos,2
CAGSMDKIIF,75,2,pos,2
CAGCEDKIIF,72,2,pos,2
CAGGPDKTIF,43,2,pos,2
CAGGGDKTIF,42,2,pos,2
CAGGTDKTIF,32,2,pos,2
CAGGKDKTIF,31,2,pos,2
CAGGSDKTIF,30,2,pos,2
CAGGRDKTIF,27,2,pos,2
CAGGQDKTIF,27,2,pos,2
CAGGLDKITF,24,2,pos,2
CAGGQDKTIF,24,2,pos,2
CAGGGEKIIF,24,2,pos,2
CAGGGDKIIF,2303,2,neg,2
CAGGGDKIIF,2260,2,neg,2
CAGGVDKIIF,2257,2,neg,2
CAGGRDKIIF,1926,2,neg,2
CAGGIDKIIF,1885,2,neg,2
CAGGRDKIIF,1642,2,neg,2
CAGGADKIIF,1519,2,neg,2
CAGGADKIIF,1469,2,neg,2
CAGGTDKIIF,1457,2,neg,2
CAGGLDKIIF,1383,2,neg,2
CAGGSDKIIF,1221,2,neg,2
CAGGPDKIIF,1144,2,neg,2
CAGGRDKIIF,1137,2,neg,2
CAGGVDKIIF,1123,2,neg,2
CAGGADKIIF,1110,2,neg,2
CAGGNDKIIF,1109,2,neg,2
CAGGDDKIIF,1103,2,neg,2
CAGGHDKIIF,1093,2,neg,2
CAGGGDKIIF,1067,2,neg,2
CAGGLDKIIF,997,2,neg,2
CAGGPDKIIF,956,2,neg,2
CAGGIDKIIF,937,2,neg,2
CAGGEDKIIF,916,2,neg,2
CAGGVDKIIF,900,2,neg,2
CAGGPDKIIF,886,2,neg,2
CAGGQDKIIF,869,2,neg,2
CAGGSDKIIF,829,2,neg,2
CAGGRDKIIF,799,2,neg,2
CAGGMDKIIF,787,2,neg,2
CAGGTDKIIF,717,2,neg,2
CAGGEDKIIF,691,2,neg,2
CAGGVDKIIF,663,2,neg,2
CAGGQDKIIF,636,2,neg,2
CAGGPDKIIF,624,2,neg,2
CAGGHDKIIF,603,2,neg,2
CAGGRDKIIF,602,2,neg,2
CAGGLDKIIF,289,2,neg,2
CAGSGDKIIF,236,2,neg,2
CAGSADKIIF,167,2,neg,2
CAGSVDKIIF,81,2,neg,2
CAGSGDKIIF,62,2,neg,2
CAGGADKTIF,49,2,neg,2
CAGGVDKITF,47,2,neg,2
CAGGGDKTIF,33,2,neg,2
CAGCLDKIIF,32,2,neg,2
CAGGADKITF,32,2,neg,2
CAGGSDKTIF,31,2,neg,2
CAGGDDKTIF,30,2,neg,2
CAGGGDKNIF,24,2,neg,2
CAGSMDKIIF,24,2,neg,2
CAGCHDKIIF,23,2,neg,2
CAGGDDKIIF,44441,1,pos,3
CAGGDGKIIF,2540,1,pos,3
CAGGDAKIIF,2170,1,pos,3
CAGGDVKIIF,1835,1,pos,3
CAGGDGKIIF,1140,1,pos,3
CAGGDSKIIF,1116,1,pos,3
CAGGDDKTIF,1035,1,pos,3
CAGGDDKITF,661,1,pos,3
CAGGDAKIIF,435,1,pos,3
CAGVDDKIIF,409,1,pos,3
CAGGDAKIIF,390,1,pos,3
CAGGDDKIIL,357,1,pos,3
CAGGDDKSIF,354,1,pos,3
CAGGDDKNIF,347,1,pos,3
CAGGDGKIIF,337,1,pos,3
CAGGDNKIIF,337,1,pos,3
CAGSDDKIIF,327,1,pos,3
CAGGDIKIIF,311,1,pos,3
CAGGDVKIIF,298,1,pos,3
CAGGDEKIIF,282,1,pos,3
CAGGDTKIIF,265,1,pos,3
CAGGDTKIIF,256,1,pos,3
CAGGDRKIIF,238,1,pos,3
CAGGDRKIIF,237,1,pos,3
CAGCDDKIIF,233,1,pos,3
CAGGDLKIIF,232,1,pos,3
CAGGEDKIIF,224,1,pos,3
CAGGDLKIIF,220,1,pos,3
CAGGDRKIIF,215,1,pos,3
CAGGDDKISF,212,1,pos,3
CAGGDRKIIF,200,1,pos,3
CAGGDDKIIF,175,1,pos,3
CAGGDAKIIF,173,1,pos,3
CAGGDTKIIF,172,1,pos,3
CAGGDIKIIF,154,1,pos,3
CAGGDIKIIF,147,1,pos,3
CAGSDGKIIF,67,1,pos,3
CAGGDGKTIF,61,1,pos,3
CAGGDPKIIF,59,1,pos,3
CAGSDGKIIF,46,1,pos,3
CAGGDNKTIF,41,1,pos,3
CAGGDGKSIF,24,1,pos,3
CAGGDDKITF,24,1,pos,3
CAGGDAKIIF,15,1,pos,3
CAGSDAKIIF,14,1,pos,3
CAGGDGKITF,13,1,pos,3
CAGGDGKITF,12,1,pos,3
CAGGDGKIIL,11,1,pos,3
CAGGDDKITF,7,1,pos,3
CAGGENKIIF,7,1,pos,3
CAGVDGKIIF,6,1,pos,3
CAGGDDKIIF,37310,1,neg,3
CAGGDGKIIF,2919,1,neg,3
CAGGDVKIIF,2056,1,neg,3
CAGGDAKIIF,1721,1,neg,3
CAGGDGKIIF,1576,1,neg,3
CAGGDSKIIF,660,1,neg,3
CAGGDGKIIF,647,1,neg,3
CAGGDRKIIF,622,1,neg,3
CAGGDDKTIF,605,1,neg,3
CAGGDVKIIF,442,1,neg,3
CAGGDIKIIF,380,1,neg,3
CAGSDDKIIF,360,1,neg,3
CAGCDDKIIF,354,1,neg,3
CAGGDTKIIF,341,1,neg,3
CAGGDRKIIF,334,1,neg,3
CAGGDRKIIF,329,1,neg,3
CAGGDRKIIF,324,1,neg,3
CAGGDVKIIF,323,1,neg,3
CAGGDDKIIL,317,1,neg,3
CAGGDAKIIF,315,1,neg,3
CAGGDNKIIF,306,1,neg,3
CAGGDLKIIF,300,1,neg,3
CAGGDRKIIF,296,1,neg,3
CAGGDTKIIF,293,1,neg,3
CAGGDIKIIF,258,1,neg,3
CAGGDEKIIF,242,1,neg,3
CAGADDKIIF,241,1,neg,3
CAGGDDKNIF,241,1,neg,3
WAGGDDKIIF,233,1,neg,3
CAGGDSKIIF,232,1,neg,3
CAGGDDKSIF,229,1,neg,3
CAGGEDKIIF,220,1,neg,3
CAGGDRKIIF,206,1,neg,3
CAGGDIKIIF,190,1,neg,3
CAGGDLKIIF,183,1,neg,3
CAGGDDKISF,175,1,neg,3
CAGSDGKIIF,98,1,neg,3
CAGGDPKIIF,81,1,neg,3
CAGGDLKIIF,78,1,neg,3
CAGGDAKTIF,55,1,neg,3
CAGGDPKIIF,51,1,neg,3
CAGGDVKITF,29,1,neg,3
CAGGDAKLIF,26,1,neg,3
CAGGDNKITF,18,1,neg,3
CAGGDLKIIF,17,1,neg,3
CAGGDDKITF,17,1,neg,3
CAGGDGKITF,14,1,neg,3
CAGGEDKITF,14,1,neg,3
CAGGDLKTIF,9,1,neg,3
CAGGDAKTIF,9,1,neg,3
CAGGDDKFTF,9,1,neg,3
CAGGDDKIIF,33321,2,pos,3
CAGGDGKIIF,1885,2,pos,3
CAGGDDKTIF,1685,2,pos,3
CAGGDAKIIF,1458,2,pos,3
CAGGDVKIIF,1431,2,pos,3
CAGGDGKIIF,845,2,pos,3
CAGGDSKIIF,824,2,pos,3
CAGADDKIIF,675,2,pos,3
CAGGDDKITF,642,2,pos,3
CAGGDDKNIF,399,2,pos,3
CAGGDAKIIF,324,2,pos,3
CAGGDRKIIF,322,2,pos,3
CAGGDGKIIF,309,2,pos,3
CAGGDSKIIF,290,2,pos,3
CAGGDDKSIF,288,2,pos,3
CAGSDDKIIF,275,2,pos,3
CAGGDAKIIF,265,2,pos,3
CAGGEDKIIF,245,2,pos,3
CAGGDGKIIF,242,2,pos,3
CAGGDVKIIF,225,2,pos,3
CAGGDIKIIF,222,2,pos,3
CAGCDDKIIF,209,2,pos,3
CAGGDTKIIF,194,2,pos,3
CAGGDDKINF,183,2,pos,3
CAGGDTKIIF,181,2,pos,3
CAGGDVKIIF,162,2,pos,3
CAGGDLKIIF,161,2,pos,3
CAGGDRKIIF,159,2,pos,3
CAGGDDKISF,158,2,pos,3
FAGGDDKIIF,155,2,pos,3
CAGGDRKIIF,155,2,pos,3
CAGGDHKIIF,148,2,pos,3
CAGGDIKIIF,145,2,pos,3
CAGGDAKIIF,141,2,pos,3
CAGGDDKIIF,140,2,pos,3
CAGGDRKIIF,138,2,pos,3
CAGGDTKIIF,93,2,pos,3
CAGGDLKIIF,65,2,pos,3
CAGGDPKIIF,63,2,pos,3
CAGGDMKIIF,63,2,pos,3
CAGSDGKIIF,62,2,pos,3
CAGSDAKIIF,28,2,pos,3
CAGGDDKTSF,27,2,pos,3
CAGCDGKIIF,17,2,pos,3
CAGGDDKTNF,17,2,pos,3
CAGGEGKIIF,17,2,pos,3
CAGGDHKNIF,15,2,pos,3
CAGGDAKLIF,15,2,pos,3
CAGGDSKIIF,11,2,pos,3
CAGGDSKTIF,10,2,pos,3
CAGGDNKIIF,10,2,pos,3
CAGGDDKIIF,30261,2,neg,3
CAGGDGKIIF,2505,2,neg,3
CAGGDVKIIF,1542,2,neg,3
CAGGDGKIIF,1431,2,neg,3
CAGGDAKIIF,1304,2,neg,3
CAGGDDKTIF,712,2,neg,3
CAGGDSKIIF,586,2,neg,3
CAGGDGKIIF,517,2,neg,3
CAGGDDKITF,458,2,neg,3
CAGGDGKIIF,383,2,neg,3
CAGSDDKIIF,315,2,neg,3
CAGGDNKIIF,311,2,neg,3
CAGGDDKNIF,290,2,neg,3
CAGGDDKIIL,287,2,neg,3
CAGGDDKSIF,276,2,neg,3
CAGGDRKIIF,272,2,neg,3
CAGGDAKIIF,272,2,neg,3
CAGCDDKIIF,268,2,neg,3
CAGGDTKIIF,256,2,neg,3
CAGGDVKIIF,243,2,neg,3
CAGGDRKIIF,235,2,neg,3
CAGGDRKIIF,234,2,neg,3
CAGGDEKIIF,229,2,neg,3
CAGGEDKIIF,227,2,neg,3
CAGADDKIIF,214,2,neg,3
CAGGDLKIIF,213,2,neg,3
CAGGDSKIIF,207,2,neg,3
CAGGDTKIIF,201,2,neg,3
CAGGDDKISF,194,2,neg,3
CAGGDRKIIF,191,2,neg,3
CSGGDDKIIF,186,2,neg,3
CAGGDRKIIF,179,2,neg,3
CAGGDVKIIF,161,2,neg,3
CAGGDAKIIF,158,2,neg,3
CAGGDTKIIF,145,2,neg,3
CAGGDDKIIF,143,2,neg,3
CAGSDSKIIF,90,2,neg,3
CAGSDGKIIF,78,2,neg,3
CAGGDGKTIF,67,2,neg,3
CAGGDKKIIF,59,2,neg,3
CAGGDAKTIF,52,2,neg,3
CAGSDGKIIF,27,2,neg,3
CAGGDGKSIF,24,2,neg,3
CAGGDAKIIL,15,2,neg,3
CAGADSKIIF,14,2,neg,3
CAGGDNKIIF,14,2,neg,3
CAGGDDKTIF,12,2,neg,3
CAGGDNKIIL,11,2,neg,3
CAGGDTKIIL,8,2,neg,3
CAGGDHKNIF,7,2,neg,3
CAGGDAKITF,7,2,neg,3
CAGGDDKIIF,49677,1,pos,4
CAGGDGKIIF,3274,1,pos,4
CAGGDAKIIF,2020,1,pos,4
CAGGDGKIIF,1345,1,pos,4
CAGGDVKIIF,1336,1,pos,4
CAGGDDKTIF,1028,1,pos,4
CAGSDDKIIF,845,1,pos,4
CAGGDGKIIF,767,1,pos,4
CAGGDSKIIF,737,1,pos,4
CAGGDRKIIF,528,1,pos,4
CAGGDRKIIF,453,1,pos,4
CAGGDRKIIF,448,1,pos,4
CAGGDDKIIL,444,1,pos,4
CAGGDIKIIF,429,1,pos,4
CAGGDDKNIF,410,1,pos,4
CAGGDIKIIF,403,1,pos,4
CAGGDDKSIF,386,1,pos,4
CAGGDNKIIF,362,1,pos,4
CAGVDDKIIF,355,1,pos,4
CAGGDVKIIF,334,1,pos,4
CAGGDTKIIF,311,1,pos,4
CAGGDAKIIF,305,1,pos,4
CAGGDTKIIF,300,1,pos,4
CAGGEDKIIF,290,1,pos,4
CAGGDVKIIF,279,1,pos,4
WAGGDDKIIF,278,1,pos,4
CAGCDDKIIF,232,1,pos,4
CAGGDEKIIF,224,1,pos,4
CAGGDDKISF,211,1,pos,4
CAGGDAKIIF,205,1,pos,4
CAGGDDKIIF,200,1,pos,4
GAGGDDKIIF,177,1,pos,4
CPGGDDKIIF,174,1,pos,4
CAGGDPKIIF,171,1,pos,4
CAGGDRKIIF,164,1,pos,4
CAGSDGKIIF,162,1,pos,4
CAGGDGKTIF,74,1,pos,4
CAGGDAKIIF,57,1,pos,4
CAGGDAKITF,51,1,pos,4
CAGSDRKIIF,44,1,pos,4
CAGGDLKIIF,41,1,pos,4
CAGGDTKIIF,25,1,pos,4
CAGGDLKIIF,24,1,pos,4
CAGGDSKTIF,16,1,pos,4
CAGGDNKITF,16,1,pos,4
CAGGEAKIIF,16,1,pos,4
CAGGEGKIIF,13,1,pos,4
CAGGDAKTIF,12,1,pos,4
CAGGDPKIIF,9,1,pos,4
CAGGDDKNIY,9,1,pos,4
CAGGDSKIIL,9,1,pos,4
CAGGDDKIIF,30052,1,neg,4
CAGGDGKIIF,3920,1,neg,4
CAGGDVKIIF,1661,1,neg,4
CAGGDGKIIF,1601,1,neg,4
CAGGDAKIIF,1398,1,neg,4
CAGGDRKIIF,1309,1,neg,4
CAGSDDKIIF,1244,1,neg,4
CAGGDGKIIF,1090,1,neg,4
CAGGDRKIIF,808,1,neg,4
CAGGDRKIIF,687,1,neg,4
CAGGDIKIIF,574,1,neg,4
CAGGDTKIIF,516,1,neg,4
CAGGDVKIIF,435,1,neg,4
CAGGDDKITF,429,1,neg,4
CAGGDVKIIF,428,1,neg,4
CAGGDRKIIF,375,1,neg,4
CAGGDTKIIF,370,1,neg,4
CAGCDDKIIF,321,1,neg,4
CAGGDSKIIF,314,1,neg,4
CAGGDRKIIF,310,1,neg,4
CAGGDAKIIF,246,1,neg,4
CAGGDDKIIL,239,1,neg,4
CAGSDGKIIF,239,1,neg,4
CAGGDRKIIF,232,1,neg,4
CAGGDNKIIF,228,1,neg,4
CAGGDDKSIF,220,1,neg,4
CAGGDDKNIF,215,1,neg,4
CAGVDDKIIF,206,1,neg,4
CAGGDEKIIF,199,1,neg,4
CAGGDPKIIF,191,1,neg,4
CAGGDIKIIF,173,1,neg,4
CAGGDDKISF,146,1,neg,4
CAGGEDKIIF,141,1,neg,4
CAGGDAKIIF,130,1,neg,4
CAGCDGKIIF,123,1,neg,4
WAGGDDKIIF,120,1,neg,4
CAGSDRKIIF,77,1,neg,4
CAGGDPKIIF,51,1,neg,4
CAGGDLKIIF,47,1,neg,4
CAGGDGKIIL,41,1,neg,4
CAGGDVKTIF,38,1,neg,4
CAGGDAKIIF,23,1,neg,4
CAGGDGKIIL,23,1,neg,4
CAGGDAKISF,15,1,neg,4
CAGGDVKTIF,14,1,neg,4
CAGCDVKIIF,13,1,neg,4
CAGGDRKITF,12,1,neg,4
CAGGDDKTIS,11,1,neg,4
CAGGDVKNIF,7,1,neg,4
CAGGDTKITF,7,1,neg,4
CAGGNDKIIF,7,1,neg,4
CAGGDDKIIF,36310,2,pos,4
CAGGDGKIIF,2215,2,pos,4
CAGGDAKIIF,1431,2,pos,4
CAGGDVKIIF,982,2,pos,4
CAGGDGKIIF,962,2,pos,4
CAGGDDKTIF,917,2,pos,4
CAGSDDKIIF,614,2,pos,4
CAGGDGKIIF,595,2,pos,4
CAGGDSKIIF,526,2,pos,4
CAGGDRKIIF,401,2,pos,4
CAGGDGKIIF,349,2,pos,4
CAGGDSKIIF,344,2,pos,4
CAGGDRKIIF,336,2,pos,4
CAGGDIKIIF,315,2,pos,4
CAGGDNKIIF,262,2,pos,4
CAGVDDKIIF,257,2,pos,4
CAGGDDKIIL,256,2,pos,4
CAGGDTKIIF,243,2,pos,4
CAGGDDKNIF,242,2,pos,4
CAGCDDKIIF,238,2,pos,4
CAGGDVKIIF,231,2,pos,4
CAGGDTKIIF,228,2,pos,4
CSGGDDKIIF,212,2,pos,4
CAGGDAKIIF,211,2,pos,4
CAGGDDKSIF,210,2,pos,4
CAGGDEKIIF,202,2,pos,4
CAGGDVKIIF,181,2,pos,4
CAGGEDKIIF,176,2,pos,4
CAGGDRKIIF,154,2,pos,4
CAGGDDKISF,153,2,pos,4
CAGGDAKIIF,149,2,pos,4
FAGGDDKIIF,121,2,pos,4
CAGGDRKIIF,115,2,pos,4
GAGGDDKIIF,112,2,pos,4
CAGGDRKIIF,103,2,pos,4
CAGGDPKIIF,102,2,pos,4
CAGCDGKIIF,51,2,pos,4
CAGGDGKITF,43,2,pos,4
CAGGDAKIIF,39,2,pos,4
CAGGDAKITF,29,2,pos,4
CAGGDGKNIF,24,2,pos,4
CAGGDGKTIF,16,2,pos,4
CAGGDDKNSF,15,2,pos,4
CAGGDGKSIF,9,2,pos,4
CAGGDIKNIF,9,2,pos,4
CAGGEGKIIF,9,2,pos,4
CAGGDNKSIF,7,2,pos,4
CAGGDTKTIF,6,2,pos,4
CAGGDVKTIF,2,2,pos,4
CAGGDGKTIL,2,2,pos,4
CAGGLDKIIF,1,2,pos,4
CAGGDDKIIF,22057,2,neg,4
CAGGDGKIIF,2853,2,neg,4
CAGGDGKIIF,1194,2,neg,4
CAGGDVKIIF,1182,2,neg,4
CAGSDDKIIF,1113,2,neg,4
CAGGDAKIIF,1077,2,neg,4
CAGGDRKIIF,911,2,neg,4
CAGGDGKIIF,822,2,neg,4
CAGGDRKIIF,680,2,neg,4
CAGGDRKIIF,530,2,neg,4
CAGGDDKITF,369,2,neg,4
CAGGDTKIIF,367,2,neg,4
CAGGDIKIIF,356,2,neg,4
CAGCDDKIIF,331,2,neg,4
CAGGDVKIIF,290,2,neg,4
CAGGDVKIIF,262,2,neg,4
CAGGDRKIIF,261,2,neg,4
CAGGDDKIIL,260,2,neg,4
CAGGDTKIIF,242,2,neg,4
CAGGDSKIIF,240,2,neg,4
CAGVDDKIIF,238,2,neg,4
CAGGDDKNIF,231,2,neg,4
CAGGDNKIIF,218,2,neg,4
CAGGDRKIIF,208,2,neg,4
CAGGDDKSIF,199,2,neg,4
CAGGDRKIIF,186,2,neg,4
CAGSDGKIIF,173,2,neg,4
CAGGDAKIIF,160,2,neg,4
CAGGDPKIIF,158,2,neg,4
CAGGDEKIIF,157,2,neg,4
CAGGEDKIIF,141,2,neg,4
CAGGDIKIIF,114,2,neg,4
CAGGDYKIIF,109,2,neg,4
CAGGDVKIIF,105,2,neg,4
CAGGDMKIIF,100,2,neg,4
CAGGDAKIIF,99,2,neg,4
CAGGDSKIIF,86,2,neg,4
CAGCDGKIIF,77,2,neg,4
CAGGDGKITF,56,2,neg,4
CAGGDPKIIF,37,2,neg,4
CAGGDGKIIF,36,2,neg,4
CAGSDDKITF,28,2,neg,4
CAGGDVKTIF,27,2,neg,4
CAGGDGKITF,19,2,neg,4
CAGGDGKITF,18,2,neg,4
CAGGDAKSIF,17,2,neg,4
CAGGDNKIIF,15,2,neg,4
CAGGDTKTIF,14,2,neg,4
CAGSDGKTIF,11,2,neg,4
CAGCDDKTIF,10,2,neg,4
CAGGDRKTIF,10,2,neg,4
CAGGDDKIIF,33491,1,pos,5
CAGGDDKTIF,1966,1,pos,5
CAGGDGKIIF,1717,1,pos,5
CAGGDAKIIF,1290,1,pos,5
CAGGDSKIIF,1277,1,pos,5
CAGGDVKIIF,1080,1,pos,5
CAGGDDKITF,1067,1,pos,5
CAGGDGKIIF,854,1,pos,5
CAGGDDKIIL,659,1,pos,5
CAGGDNKIIF,559,1,pos,5
CAGGDDKSIF,474,1,pos,5
CAGGDGKIIF,450,1,pos,5
CAGGDTKIIF,433,1,pos,5
CAGGDEKIIF,430,1,pos,5
CAGGEDKIIF,353,1,pos,5
CAGGDDKISF,335,1,pos,5
CAGGDTKIIF,324,1,pos,5
CAGGDGKIIF,312,1,pos,5
CAGGDIKIIF,283,1,pos,5
CAGGDVKIIF,276,1,pos,5
CAGGDDKINF,257,1,pos,5
CAGGDDKILF,236,1,pos,5
CAGGDTKIIF,220,1,pos,5
CAGGDDKIIC,207,1,pos,5
CAGGDDKIVF,201,1,pos,5
WAGGDDKIIF,199,1,pos,5
CAGGDVKIIF,196,1,pos,5
CAGGDAKIIF,194,1,pos,5
CAGGDDKIIF,179,1,pos,5
CAGGDDKIIS,173,1,pos,5
CAGGDHKIIF,165,1,pos,5
CAGGDDKIIF,154,1,pos,5
CAGGDPKIIF,140,1,pos,5
CAGGDRKIIF,139,1,pos,5
CAGGYDKIIF,133,1,pos,5
CAGGDDKIIF,130,1,pos,5
CAGGDRKIIF,101,1,pos,5
CAGGDIKIIF,78,1,pos,5
CAGSDSKIIF,78,1,pos,5
CAGGDRKIIF,71,1,pos,5
CAGGDGKITF,67,1,pos,5
CAGGDEKTIF,48,1,pos,5
CAGVDAKIIF,45,1,pos,5
CAGGDAKIIL,29,1,pos,5
CAGGDGKSIF,29,1,pos,5
CAGGEGKIIF,29,1,pos,5
CAGGDVKIIL,25,1,pos,5
CAGGDSKIIL,24,1,pos,5
CAGGDSKNIF,17,1,pos,5
CAGGDVKIIC,16,1,pos,5
CAGGDVKNIF,16,1,pos,5
CAGGDDKIIF,38663,1,neg,5
CAGGDGKIIF,2732,1,neg,5
CAGGDVKIIF,1867,1,neg,5
CAGGDGKIIF,1414,1,neg,5
CAGGDAKIIF,1399,1,neg,5
CAGGDSKIIF,880,1,neg,5
CAGGDTKIIF,853,1,neg,5
CAGGDDKTIF,807,1,neg,5
CAGGDDKITF,690,1,neg,5
CAGGDTKIIF,556,1,neg,5
CAGGDTKIIF,482,1,neg,5
CAGGDRKIIF,476,1,neg,5
CAGGDDKIIL,407,1,neg,5
CAGGDGKIIF,405,1,neg,5
CAGGDSKIIF,400,1,neg,5
CAGGDPKIIF,387,1,neg,5
CAGGDVKIIF,336,1,neg,5
CAGVDDKIIF,284,1,neg,5
CAGGDDKIVF,284,1,neg,5
CAGGDDKILF,283,1,neg,5
CAGGDDKISF,276,1,neg,5
CAGGDAKIIF,270,1,neg,5
CAGGDRKIIF,266,1,neg,5
CAGGDNKIIF,265,1,neg,5
CAGGDEKIIF,230,1,neg,5
CAGSDDKIIF,225,1,neg,5
CAGGDLKIIF,223,1,neg,5
CAGGDDKSIF,220,1,neg,5
CPGGDDKIIF,218,1,neg,5
CAGGDDKNIF,207,1,neg,5
CAGGDRKIIF,202,1,neg,5
CAGGDVKIIF,159,1,neg,5
WAGGDDKIIF,156,1,neg,5
CAGGDIKIIF,147,1,neg,5
CAGGDIKIIF,145,1,neg,5
CAGGDDKIIF,140,1,neg,5
CAGTDGKIIF,93,1,neg,5
CAGCDSKIIF,80,1,neg,5
CAGGDPKIIF,61,1,neg,5
CAGGDRKIIF,55,1,neg,5
CAGGDRKIIF,53,1,neg,5
CAGGDQKIIF,26,1,neg,5
CAGGDAKIIF,26,1,neg,5
CAGGDSKITF,16,1,neg,5
CAGGDVKISF,15,1,neg,5
CAGGDAKILF,15,1,neg,5
CAGGDSKTIF,13,1,neg,5
CAGGDLKIIF,12,1,neg,5
CAGGDEKINF,9,1,neg,5
CAGSDVKIIF,9,1,neg,5
CAGGDDKINF,8,1,neg,5
CAGGDDKIIF,45823,2,pos,5
CAGGDGKIIF,2456,2,pos,5
CAGGDSKIIF,1717,2,pos,5
CAGGDVKIIF,1664,2,pos,5
CAGGDAKIIF,1653,2,pos,5
CAGGDDKTIF,1338,2,pos,5
CAGGDGKIIF,1082,2,pos,5
CAGGDSKIIF,781,2,pos,5
CAGGDDKITF,755,2,pos,5
CAGGDTKIIF,550,2,pos,5
CAGGDDKNIF,441,2,pos,5
CAGGDDKSIF,437,2,pos,5
CAGGDVKIIF,414,2,pos,5
CAGGDGKIIF,392,2,pos,5
CAGGDNKIIF,378,2,pos,5
CAGGEDKIIF,366,2,pos,5
CAGADDKIIF,351,2,pos,5
CAGGDTKIIF,321,2,pos,5
CAGGDVKIIF,291,2,pos,5
WAGGDDKIIF,270,2,pos,5
CAGGDRKIIF,266,2,pos,5
CAGGDTKIIF,256,2,pos,5
CAGGDPKIIF,253,2,pos,5
CAGGDAKIIF,248,2,pos,5
CAGGDDKISF,248,2,pos,5
CAGGDEKIIF,226,2,pos,5
CAGGDDKIIF,220,2,pos,5
CPGGDDKIIF,217,2,pos,5
CAGGDLKIIF,201,2,pos,5
CAGGDVKIIF,180,2,pos,5
CAGGDRKIIF,180,2,pos,5
CAGSDDKIIF,152,2,pos,5
CAGGDDKIIF,139,2,pos,5
CAGGDIKIIF,137,2,pos,5
CAGGDRKIIF,118,2,pos,5
CAGSDSKIIF,109,2,pos,5
CAGGDGKTIF,63,2,pos,5
CAGGDAKIIF,56,2,pos,5
CAGGDGKITF,50,2,pos,5
CAGGDSKTIF,43,2,pos,5
CAGGDRKIIF,42,2,pos,5
CAGGDGKIIL,29,2,pos,5
CAGGDGKIIF,28,2,pos,5
CAGGDVKIIF,19,2,pos,5
CAGGDAKIIL,19,2,pos,5
CAGGDTKTIF,19,2,pos,5
CAGGDSKNIF,16,2,pos,5
CAGGDDKITL,15,2,pos,5
CAGGEDKIIF,10,2,pos,5
HAGGDDKIIF,10,2,pos,5
CAGGQDKIIF,9,2,pos,5
CAGGDDKIIF,27611,2,neg,5
CAGGDGKIIF,2061,2,neg,5
CAGGDVKIIF,1358,2,neg,5
CAGGDAKIIF,1115,2,neg,5
CAGGDGKIIF,1024,2,neg,5
CAGGDDKTIF,956,2,neg,5
CAGGDTKIIF,674,2,neg,5
CAGGDSKIIF,573,2,neg,5
CAGGDDKITF,538,2,neg,5
CAGGDTKIIF,390,2,neg,5
CAGGDVKIIF,328,2,neg,5
CAGGDDKIIL,313,2,neg,5
CAGGDGKIIF,306,2,neg,5
CAGGDTKIIF,288,2,neg,5
CAGGDDKNIF,287,2,neg,5
CAGGDSKIIF,277,2,neg,5
CAGGDDKSIF,267,2,neg,5
CAGGDNKIIF,262,2,neg,5
CAGGDRKIIF,236,2,neg,5
CAGGDVKIIF,234,2,neg,5
CAGGDPKIIF,214,2,neg,5
CAGGEDKIIF,210,2,neg,5
CAGGDAKIIF,192,2,neg,5
CAGGDEKIIF,186,2,neg,5
CAGGDDKISF,180,2,neg,5
CAGSDDKIIF,177,2,neg,5
CAGGDLKIIF,158,2,neg,5
CAGGDRKIIF,152,2,neg,5
CAGGDRKIIF,139,2,neg,5
CAGGDRKIIF,128,2,neg,5
CAGGDDKINF,122,2,neg,5
CAGGDDKILF,112,2,neg,5
CAGGDIKIIF,102,2,neg,5
CAGGDDKIIC,101,2,neg,5
CAGSDSKIIF,99,2,neg,5
CAGGDAKIIF,98,2,neg,5
CAGGDTKIIF,60,2,neg,5
CAGGDAKTIF,48,2,neg,5
CAGGDAKIIF,48,2,neg,5
CAGGDKKIIF,41,2,neg,5
CAGGDVKITF,35,2,neg,5
CAGGDRKIIF,22,2,neg,5
CAGGDGKISF,21,2,neg,5
CAGGDVKNIF,13,2,neg,5
CAGGDGKIIC,13,2,neg,5
CAGGDSKITF,13,2,neg,5
CAGGDIKITF,11,2,neg,5
WAGGDDKIIL,11,2,neg,5
CAGGDAKTIF,8,2,neg,5
CAGGDDKSIF,8,2,neg,5
CAGGDEKNIF,8,2,neg,5
CAGGDDKIIF,2056,1,pos,6
CAGGDSKIIF,1435,1,pos,6
CAGGDSKIIF,527,1,pos,6
CAGVDMKIIF,508,1,pos,6
CAGTDSKIIF,493,1,pos,6
CAGGDSKIIF,448,1,pos,6
CAGGDGKIIF,390,1,pos,6
CAGGDSKIIF,336,1,pos,6
CAGIDVKIIF,301,1,pos,6
CAGRDAKIIF,260,1,pos,6
CAGIDIKIIF,229,1,pos,6
CAGGDVKIIF,217,1,pos,6
CAGPDGKIIF,212,1,pos,6
CAGRDGKIIF,212,1,pos,6
CAGGDRKIIF,212,1,pos,6
CAGADAKIIF,210,1,pos,6
CAGTDLKIIF,204,1,pos,6
CAGVDSKIIF,203,1,pos,6
CAGVDVKIIF,200,1,pos,6
CAGTDVKIIF,199,1,pos,6
CAGLDSKIIF,195,1,pos,6
CAGGDVKIIF,194,1,pos,6
CAGRDGKIIF,187,1,pos,6
CAGTDAKIIF,187,1,pos,6
CAGSDGKIIF,183,1,pos,6
CAGGDAKIIF,181,1,pos,6
CAGRDRKIIF,177,1,pos,6
CAGGDVKIIF,175,1,pos,6
CAGVDRKIIF,173,1,pos,6
CAGADGKIIF,168,1,pos,6
CAGRDRKIIF,167,1,pos,6
CAGMDVKIIF,165,1,pos,6
CAGSDGKIIF,164,1,pos,6
CAGRDAKIIF,162,1,pos,6
CAGGDRKIIF,162,1,pos,6
CAGGDSKIIF,158,1,pos,6
CAGTDAKIIF,144,1,pos,6
CAGRDVKIIF,141,1,pos,6
CAGVDVKIIF,140,1,pos,6
CAGLDGKIIF,134,1,pos,6
CAGGDRKIIF,131,1,pos,6
CAGGDVKIIF,112,1,pos,6
CAGRDLKIIF,112,1,pos,6
CAGVDGKIIF,99,1,pos,6
CAGVDAKIIF,99,1,pos,6
CAGGDRKIIF,98,1,pos,6
CAGLDRKIIF,95,1,pos,6
CAGRDVKIIF,94,1,pos,6
CAGRDRKIIF,86,1,pos,6
CAGSDLKIIF,86,1,pos,6
CAGRDAKIIF,85,1,pos,6
CAGTDSKIIF,854,1,neg,6
CAGVDMKIIF,569,1,neg,6
CAGGDDKIIF,448,1,neg,6
CAGTDVKIIF,445,1,neg,6
CAGSDGKIIF,404,1,neg,6
CAGVDSKIIF,388,1,neg,6
CAGRDAKIIF,378,1,neg,6
CAGMDVKIIF,371,1,neg,6
CAGADGKIIF,356,1,neg,6
CAGADAKIIF,347,1,neg,6
CAGPDGKIIF,313,1,neg,6
CAGPDLKIIF,299,1,neg,6
CAGTDAKIIF,292,1,neg,6
CAGGDRKIIF,287,1,neg,6
CAGGDRKIIF,286,1,neg,6
CAGGDVKIIF,283,1,neg,6
CAGGDLKIIF,272,1,neg,6
CAGGDGKIIF,268,1,neg,6
CAGTDLKIIF,268,1,neg,6
CAGRDAKIIF,263,1,neg,6
CAGGDGKIIF,258,1,neg,6
CAGRDGKIIF,252,1,neg,6
CAGGDRKIIF,252,1,neg,6
CAGRDRKIIF,250,1,neg,6
CAGGDVKIIF,248,1,neg,6
CAGRDGKIIF,248,1,neg,6
CAGTDTKIIF,239,1,neg,6
CAGGDIKIIF,234,1,neg,6
CAGVDAKIIF,232,1,neg,6
CAGADVKIIF,229,1,neg,6
CAGTDGKIIF,229,1,neg,6
CAGTDAKIIF,227,1,neg,6
CAGGDGKIIF,222,1,neg,6
CAGVDVKIIF,221,1,neg,6
CAGRDSKIIF,217,1,neg,6
CAGIDLKIIF,217,1,neg,6
CAGVDRKIIF,181,1,neg,6
CAGIDIKIIF,170,1,neg,6
CAGVDGKIIF,169,1,neg,6
CAGRDLKIIF,167,1,neg,6
CAGRDVKIIF,166,1,neg,6
CAGIDVKIIF,155,1,neg,6
CAGADGKIIF,153,1,neg,6
CAGGDSKIIF,134,1,neg,6
CAGMDRKIIF,134,1,neg,6
CAGLDAKIIF,133,1,neg,6
CAGLDSKIIF,130,1,neg,6
CAGPDIKIIF,130,1,neg,6
CAGPDMKIIF,118,1,neg,6
CAGVDGKIIF,118,1,neg,6
CAGADSKIIF,117,1,neg,6
CAGGDDKIIF,2512,2,pos,6
CAGGDSKIIF,1461,2,pos,6
CAGTDSKIIF,575,2,pos,6
CAGGDSKIIF,559,2,pos,6
CAGGDAKIIF,469,2,pos,6
CAGVDMKIIF,420,2,pos,6
CAGGDSKIIF,369,2,pos,6
CAGTDVKIIF,339,2,pos,6
CAGADAKIIF,320,2,pos,6
CAGGDVKIIF,292,2,pos,6
CAGGDGKIIF,283,2,pos,6
CAGMDVKIIF,259,2,pos,6
CAGGDVKIIF,250,2,pos,6
CAGVDSKIIF,247,2,pos,6
CAGPDLKIIF,236,2,pos,6
CAGRDAKIIF,227,2,pos,6
CAGIDWKIIF,216,2,pos,6
CAGVDSKIIF,214,2,pos,6
CAGRDGKIIF,211,2,pos,6
CAGGDAKIIF,208,2,pos,6
CAGGDAKIIF,207,2,pos,6
CAGADGKIIF,196,2,pos,6
CAGADVKIIF,196,2,pos,6
CAGVDVKIIF,195,2,pos,6
CAGIDVKIIF,192,2,pos,6
CAGRDRKIIF,185,2,pos,6
CAGGDVKIIF,176,2,pos,6
CAGRDGKIIF,175,2,pos,6
CAGVDVKIIF,175,2,pos,6
CAGGDAKIIF,174,2,pos,6
CAGGDRKIIF,166,2,pos,6
CAGGDLKIIF,156,2,pos,6
CAGGDSKIIF,154,2,pos,6
CAGRDLKIIF,154,2,pos,6
CAGGDVKIIF,151,2,pos,6
CAGSDRKIIF,149,2,pos,6
CAGGDIKIIF,138,2,pos,6
CAGADVKIIF,134,2,pos,6
CAGGDLKIIF,134,2,pos,6
CAGGDRKIIF,129,2,pos,6
CAGGDRKIIF,127,2,pos,6
CAGVDAKIIF,110,2,pos,6
CAGADSKIIF,110,2,pos,6
CAGADVKIIF,103,2,pos,6
CAGVDVKIIF,102,2,pos,6
CAGPDGKIIF,100,2,pos,6
CAGTDTKIIF,96,2,pos,6
CAGVDGKIIF,95,2,pos,6
CAGVDGKIIF,89,2,pos,6
CAGTDIKIIF,88,2,pos,6
CAGRDVKIIF,87,2,pos,6
CAGTDSKIIF,911,2,neg,6
CAGGDDKIIF,614,2,neg,6
CAGVDSKIIF,522,2,neg,6
CAGVDMKIIF,501,2,neg,6
CAGSDGKIIF,498,2,neg,6
CAGGDRKIIF,449,2,neg,6
CAGADGKIIF,439,2,neg,6
CAGMDVKIIF,434,2,neg,6
CAGTDVKIIF,428,2,neg,6
CAGIDVKIIF,409,2,neg,6
CAGVDAKIIF,381,2,neg,6
CAGPDGKIIF,378,2,neg,6
CAGRDGKIIF,360,2,neg,6
CAGRDAKIIF,360,2,neg,6
CAGGDVKIIF,352,2,neg,6
CAGADAKIIF,340,2,neg,6
CAGPDLKIIF,329,2,neg,6
CAGRDVKIIF,329,2,neg,6
CAGGDRKIIF,323,2,neg,6
CAGIDLKIIF,322,2,neg,6
CAGTDAKIIF,317,2,neg,6
CAGRDRKIIF,305,2,neg,6
CAGGDLKIIF,302,2,neg,6
CAGTDAKIIF,302,2,neg,6
CAGTDTKIIF,289,2,neg,6
CAGGDGKIIF,288,2,neg,6
CAGIDIKIIF,280,2,neg,6
CAGTDLKIIF,279,2,neg,6
CAGRDAKIIF,274,2,neg,6
CAGGDGKIIF,274,2,neg,6
CAGGDGKIIF,271,2,neg,6
CAGVDVKIIF,259,2,neg,6
CAGADVKIIF,255,2,neg,6
CAGSDGKIIF,248,2,neg,6
CAGVDRKIIF,244,2,neg,6
CAGIDTKIIF,242,2,neg,6
CAGVDGKIIF,224,2,neg,6
CAGVDIKIIF,221,2,neg,6
CAGTDGKIIF,219,2,neg,6
CAGRDAKIIF,213,2,neg,6
CAGRDGKIIF,213,2,neg,6
CAGVDVKIIF,184,2,neg,6
CAGGDVKIIF,184,2,neg,6
CAGPDGKIIF,168,2,neg,6
CAGADGKIIF,168,2,neg,6
CAGIDSKIIF,168,2,neg,6
CAGVDVKIIF,161,2,neg,6
CAGRDVKIIF,159,2,neg,6
CAGADGKIIF,152,2,neg,6
CAGRDVKIIF,152,2,neg,6
CAGSDVKIIF,151,2,neg,6
CAGGDDKIIF,2215,1,pos,7
CAGGDAKIIF,1058,1,pos,7
CAGSDVKIIF,558,1,pos,7
CAGVDVKIIF,530,1,pos,7
CAGGDSKIIF,430,1,pos,7
CAGGDAKIIF,374,1,pos,7
CAGGDAKIIF,370,1,pos,7
CAGGDGKIIF,363,1,pos,7
CAGVDGKIIF,350,1,pos,7
CAGPDGKIIF,343,1,pos,7
CAGLDTKIIF,298,1,pos,7
CAGLDVKIIF,292,1,pos,7
CAGRDRKIIF,280,1,pos,7
CAGSDGKIIF,280,1,pos,7
CAGRDGKIIF,273,1,pos,7
CAGGDSKIIF,271,1,pos,7
CAGADGKIIF,268,1,pos,7
CAGGDDKIIF,265,1,pos,7
CAGADGKIIF,252,1,pos,7
CAGGDGKIIF,244,1,pos,7
CAGADGKIIF,240,1,pos,7
CAGGDGKIIF,235,1,pos,7
CAGIDGKIIF,220,1,pos,7
CAGLDGKIIF,219,1,pos,7
CAGADRKIIF,219,1,pos,7
CAGGDGKIIF,216,1,pos,7
CAGIDSKIIF,216,1,pos,7
CAGGDGKIIF,207,1,pos,7
CAGLDVKIIF,202,1,pos,7
CAGPDAKIIF,202,1,pos,7
CAGSDPKIIF,196,1,pos,7
CAGSDGKIIF,193,1,pos,7
CAGADLKIIF,191,1,pos,7
CAGLDGKIIF,185,1,pos,7
CAGVDGKIIF,182,1,pos,7
CAGVDRKIIF,179,1,pos,7
CAGRDRKIIF,165,1,pos,7
CAGRDGKIIF,160,1,pos,7
CAGGDAKIIF,157,1,pos,7
CAGSDLKIIF,154,1,pos,7
CAGGDSKIIF,151,1,pos,7
CAGIDVKIIF,132,1,pos,7
CAGADSKIIF,131,1,pos,7
CAGVDTKIIF,121,1,pos,7
CAGVDVKIIF,120,1,pos,7
CAGADRKIIF,120,1,pos,7
CAGLDGKIIF,116,1,pos,7
CAGTDTKIIF,114,1,pos,7
CAGADVKIIF,103,1,pos,7
CAGIDGKIIF,103,1,pos,7
CAGPDGKIIF,102,1,pos,7
CAGSDVKIIF,620,1,neg,7
CAGVDVKIIF,582,1,neg,7
CAGLDTKIIF,560,1,neg,7
CAGPDGKIIF,529,1,neg,7
CAGVDGKIIF,470,1,neg,7
CAGTDGKIIF,449,1,neg,7
CAGRDRKIIF,421,1,neg,7
CAGLDVKIIF,396,1,neg,7
CAGADRKIIF,380,1,neg,7
CAGADGKIIF,356,1,neg,7
CAGLDAKIIF,306,1,neg,7
CAGADLKIIF,305,1,neg,7
CAGADGKIIF,292,1,neg,7
CAGRDGKIIF,292,1,neg,7
CAGVDPKIIF,290,1,neg,7
CAGIDGKIIF,288,1,neg,7
CAGADGKIIF,286,1,neg,7
CAGVDAKIIF,280,1,neg,7
CAGRDRKIIF,266,1,neg,7
CAGVDTKIIF,259,1,neg,7
CAGVDVKIIF,256,1,neg,7
CAGLDGKIIF,250,1,neg,7
CAGVDRKIIF,248,1,neg,7
CAGTDRKIIF,245,1,neg,7
CAGTDVKIIF,245,1,neg,7
CAGIDSKIIF,243,1,neg,7
CAGSDGKIIF,235,1,neg,7
CAGLDGKIIF,228,1,neg,7
CAGVDGKIIF,226,1,neg,7
CAGGDDKIIF,226,1,neg,7
CAGSDVKIIF,222,1,neg,7
CAGGDRKIIF,214,1,neg,7
CAGRDLKIIF,213,1,neg,7
CAGPDAKIIF,212,1,neg,7
CAGVDVKIIF,208,1,neg,7
CAGVDGKIIF,198,1,neg,7
CAGADPKIIF,182,1,neg,7
CAGSDLKIIF,180,1,neg,7
CAGIDVKIIF,178,1,neg,7
CAGGDMKIIF,174,1,neg,7
CAGRDGKIIF,174,1,neg,7
CAGLDGKIIF,155,1,neg,7
CAGIDGKIIF,154,1,neg,7
CAGIDAKIIF,143,1,neg,7
CAGVDAKIIF,142,1,neg,7
CAGVDRKIIF,141,1,neg,7
CAGADVKIIF,138,1,neg,7
CAGVDVKIIF,135,1,neg,7
CAGVDPKIIF,120,1,neg,7
CAGVDVKIIF,120,1,neg,7
CAGADAKIIF,120,1,neg,7
CAGGDDKIIF,2622,2,pos,7
CAGGDAKIIF,1205,2,pos,7
CAGSDVKIIF,639,2,pos,7
CAGVDVKIIF,548,2,pos,7
CAGGDAKIIF,492,2,pos,7
CAGGDSKIIF,470,2,pos,7
CAGGDDKIIF,457,2,pos,7
CAGTDGKIIF,454,2,pos,7
CAGGDGKIIF,449,2,pos,7
CAGPDGKIIF,420,2,pos,7
CAGVDGKIIF,396,2,pos,7
CAGGDGKIIF,384,2,pos,7
CAGADGKIIF,364,2,pos,7
CAGLDTKIIF,350,2,pos,7
CAGLDVKIIF,348,2,pos,7
CAGLDVKIIF,345,2,pos,7
CAGRDRKIIF,342,2,pos,7
CAGADLKIIF,331,2,pos,7
CAGADRKIIF,320,2,pos,7
CAGGDSKIIF,315,2,pos,7
CAGLDGKIIF,313,2,pos,7
CAGADGKIIF,313,2,pos,7
CAGGDGKIIF,312,2,pos,7
CAGLDAKIIF,301,2,pos,7
CAGRDGKIIF,278,2,pos,7
CAGADGKIIF,260,2,pos,7
CAGGDGKIIF,256,2,pos,7
CAGSDGKIIF,254,2,pos,7
CAGSDVKIIF,254,2,pos,7
CAGVDGKIIF,251,2,pos,7
CAGVDVKIIF,250,2,pos,7
CAGPDAKIIF,244,2,pos,7
CAGGDVKIIF,240,2,pos,7
CAGVDRKIIF,238,2,pos,7
CAGGDGKIIF,234,2,pos,7
CAGSDPKIIF,234,2,pos,7
CAGSDLKIIF,204,2,pos,7
CAGGDGKIIF,199,2,pos,7
CAGGDVKIIF,194,2,pos,7
CAGRDRKIIF,191,2,pos,7
CAGGDVKIIF,191,2,pos,7
CAGADSKIIF,171,2,pos,7
CAGLDGKIIF,170,2,pos,7
CAGVDVKIIF,150,2,pos,7
CAGPDLKIIF,147,2,pos,7
CAGADRKIIF,147,2,pos,7
CAGADRKIIF,140,2,pos,7
CAGRDSKIIF,140,2,pos,7
CAGVDVKIIF,125,2,pos,7
CAGVDGKIIF,125,2,pos,7
CAGADAKIIF,125,2,pos,7
CAGSDVKIIF,184,2,neg,7
CAGADGKIIF,182,2,neg,7
CAGPDGKIIF,166,2,neg,7
CAGVDVKIIF,142,2,neg,7
CAGTDGKIIF,142,2,neg,7
CAGPDAKIIF,131,2,neg,7
CAGTDRKIIF,128,2,neg,7
CAGIDGKIIF,124,2,neg,7
CAGVDGKIIF,122,2,neg,7
CAGPDTKIIF,116,2,neg,7
CAGLDGKIIF,108,2,neg,7
CAGPDEKIIF,107,2,neg,7
CAGADLKIIF,107,2,neg,7
CAGADDKIIF,106,2,neg,7
CAGPDVKIIF,101,2,neg,7
CAGRDRKIIF,101,2,neg,7
CAGLDAKIIF,99,2,neg,7
CAGRDRKIIF,98,2,neg,7
CAGRDGKIIF,97,2,neg,7
CAGLDTKIIF,95,2,neg,7
CAGTDEKIIF,94,2,neg,7
CAGPDVKIIF,93,2,neg,7
CAGLDVKIIF,89,2,neg,7
CAGSDVKIIF,89,2,neg,7
CAGADGKIIF,87,2,neg,7
CAGRDEKIIF,84,2,neg,7
CAGVDAKIIF,82,2,neg,7
CAGADGKIIF,81,2,neg,7
CAGADNKIIF,81,2,neg,7
CAGADRKIIF,79,2,neg,7
CAGPDAKIIF,77,2,neg,7
CAGRDGKIIF,75,2,neg,7
CAGRDGKIIF,74,2,neg,7
CAGADGKIIF,73,2,neg,7
CAGSDGKIIF,73,2,neg,7
CAGSDDKIIF,73,2,neg,7
CAGVDRKIIF,70,2,neg,7
CAGADVKIIF,66,2,neg,7
CAGTDGKIIF,66,2,neg,7
CAGVDTKIIF,62,2,neg,7
CAGVDVKIIF,61,2,neg,7
CAGTDIKIIF,54,2,neg,7
CAGPDEKIIF,53,2,neg,7
CAGVDRKIIF,49,2,neg,7
CAGSDEKIIF,49,2,neg,7
CAGRDEKIIF,48,2,neg,7
CAGVDIKIIF,45,2,neg,7
CAGGDGKIIF,45,2,neg,7
CAGADLKIIF,41,2,neg,7
CAGADGKIIF,41,2,neg,7
CAGIDGKIIF,41,2,neg,7
CAGGDSKIIF,1253,1,pos,8
CAGGDDKIIF,937,1,pos,8
CAGGDSKIIF,858,1,pos,8
CAGGDSKIIF,710,1,pos,8
CAGGDSKIIF,454,1,pos,8
CAGMDSKIIF,396,1,pos,8
CAGGDSKIIF,369,1,pos,8
CAGGDAKIIF,300,1,pos,8
CAGGDAKIIF,280,1,pos,8
CAGADVKIIF,255,1,pos,8
CAGADGKIIF,209,1,pos,8
CAGGDVKIIF,209,1,pos,8
CAGADSKIIF,208,1,pos,8
CAGVDGKIIF,198,1,pos,8
CAGRDGKIIF,195,1,pos,8
CAGVDVKIIF,192,1,pos,8
CAGADVKIIF,192,1,pos,8
CAGRDVKIIF,186,1,pos,8
CAGRDGKIIF,184,1,pos,8
CAGIDVKIIF,183,1,pos,8
CAGGDGKIIF,182,1,pos,8
CAGVDSKIIF,181,1,pos,8
CAGADSKIIF,178,1,pos,8
CAGGDGKIIF,177,1,pos,8
CAGIDGKIIF,169,1,pos,8
CAGVDVKIIF,165,1,pos,8
CAGLDSKIIF,158,1,pos,8
CAGGDAKIIF,153,1,pos,8
CAGGDSKIIF,152,1,pos,8
CAGGDGKIIF,151,1,pos,8
CAGRDGKIIF,150,1,pos,8
CAGVDGKIIF,146,1,pos,8
CAGGDVKIIF,145,1,pos,8
CAGVDSKIIF,141,1,pos,8
CAGADDKIIF,139,1,pos,8
CAGADVKIIF,139,1,pos,8
CAGRDGKIIF,119,1,pos,8
CAGRDPKIIF,117,1,pos,8
CAGVDGKIIF,116,1,pos,8
CAGVDAKIIF,115,1,pos,8
CAGADAKIIF,114,1,pos,8
CAGADVKIIF,106,1,pos,8
CAGGDGKIIF,105,1,pos,8
CAGADVKIIF,100,1,pos,8
CAGGDDKIIF,100,1,pos,8
CAGGDVKIIF,100,1,pos,8
CAGVDGKIIF,98,1,pos,8
CAGADVKIIF,95,1,pos,8
CAGVDVKIIF,89,1,pos,8
CAGADVKIIF,89,1,pos,8
CAGADSKIIF,89,1,pos,8
CAGADVKIIF,222,1,neg,8
CAGADGKIIF,213,1,neg,8
CAGGDDKIIF,185,1,neg,8
CAGVDSKIIF,183,1,neg,8
CAGRDVKIIF,180,1,neg,8
CAGLDGKIIF,176,1,neg,8
CAGRDGKIIF,175,1,neg,8
CAGVDGKIIF,167,1,neg,8
CAGVDVKIIF,162,1,neg,8
CAGRDGKIIF,151,1,neg,8
CAGADVKIIF,141,1,neg,8
CAGGDVKIIF,137,1,neg,8
CAGADVKIIF,136,1,neg,8
CAGRDGKIIF,136,1,neg,8
CAGVDGKIIF,134,1,neg,8
CAGIDVKIIF,134,1,neg,8
CAGGDGKIIF,132,1,neg,8
CAGGDGKIIF,131,1,neg,8
CAGRDGKIIF,131,1,neg,8
CAGVDGKIIF,130,1,neg,8
CAGGDTKIIF,130,1,neg,8
CAGIDVKIIF,129,1,neg,8
CAGRDVKIIF,128,1,neg,8
CAGVDSKIIF,128,1,neg,8
CAGVDRKIIF,126,1,neg,8
CAGLDGKIIF,125,1,neg,8
CAGGDGKIIF,125,1,neg,8
CAGIDGKIIF,125,1,neg,8
CAGGDVKIIF,124,1,neg,8
CAGVDVKIIF,123,1,neg,8
CAGADGKIIF,123,1,neg,8
CAGVDVKIIF,118,1,neg,8
CAGGDGKIIF,118,1,neg,8
CAGCDGKIIF,117,1,neg,8
CAGGDVKIIF,117,1,neg,8
CAGGDLKIIF,116,1,neg,8
CAGMDRKIIF,107,1,neg,8
CAGPDGKIIF,103,1,neg,8
CAGPDVKIIF,103,1,neg,8
CAGVDGKIIF,100,1,neg,8
CAGADGKIIF,100,1,neg,8
CAGPDAKIIF,94,1,neg,8
CAGRDGKIIF,93,1,neg,8
CAGGDVKIIF,84,1,neg,8
CAGGDGKIIF,84,1,neg,8
CAGGDVKIIF,83,1,neg,8
CAGSDGKIIF,82,1,neg,8
CAGVDVKIIF,81,1,neg,8
CAGIDVKIIF,77,1,neg,8
CAGSDSKIIF,77,1,neg,8
CAGVDVKIIF,76,1,neg,8
CAGGDSKIIF,1441,2,pos,8
CAGGDDKIIF,976,2,pos,8
CAGGDAKIIF,809,2,pos,8
CAGGDSKIIF,784,2,pos,8
CAGGDSKIIF,650,2,pos,8
CAGGDSKIIF,608,2,pos,8
CAGMDSKIIF,512,2,pos,8
CAGGDSKIIF,347,2,pos,8
CAGRDGKIIF,272,2,pos,8
CAGADSKIIF,232,2,pos,8
CAGADSKIIF,208,2,pos,8
CAGGDGKIIF,208,2,pos,8
CAGVDVKIIF,203,2,pos,8
CAGADSKIIF,202,2,pos,8
CAGIDVKIIF,197,2,pos,8
CAGGDAKIIF,194,2,pos,8
CAGGDGKIIF,191,2,pos,8
CAGGDVKIIF,177,2,pos,8
CAGMDRKIIF,176,2,pos,8
CAGVDVKIIF,175,2,pos,8
CAGIDVKIIF,174,2,pos,8
CAGRDVKIIF,169,2,pos,8
CAGADRKIIF,169,2,pos,8
CAGGDAKIIF,164,2,pos,8
CAGRDVKIIF,158,2,pos,8
CAGRDGKIIF,155,2,pos,8
CAGADVKIIF,154,2,pos,8
CAGGDAKIIF,154,2,pos,8
CAGTDVKIIF,153,2,pos,8
CAGPDVKIIF,152,2,pos,8
CAGLDVKIIF,150,2,pos,8
CAGVDGKIIF,148,2,pos,8
CAGIDGKIIF,148,2,pos,8
CAGTDAKIIF,146,2,pos,8
CAGVDIKIIF,144,2,pos,8
CAGTDSKIIF,144,2,pos,8
CAGADVKIIF,136,2,pos,8
CAGVDVKIIF,130,2,pos,8
CAGMDSKIIF,130,2,pos,8
CAGGDVKIIF,129,2,pos,8
CAGVDAKIIF,127,2,pos,8
CAGADVKIIF,116,2,pos,8
CAGVDVKIIF,115,2,pos,8
CAGVDIKIIF,107,2,pos,8
CAGADGKIIF,107,2,pos,8
CAGRDVKIIF,106,2,pos,8
CAGGDIKIIF,105,2,pos,8
CAGRDGKIIF,105,2,pos,8
CAGADMKIIF,93,2,pos,8
CAGGDAKIIF,93,2,pos,8
CAGGDGKIIF,93,2,pos,8
CAGGDDKIIF,335,2,neg,8
CAGADGKIIF,267,2,neg,8
CAGRDVKIIF,244,2,neg,8
CAGRDGKIIF,244,2,neg,8
CAGVDSKIIF,241,2,neg,8
CAGRDGKIIF,237,2,neg,8
CAGADVKIIF,232,2,neg,8
CAGVDVKIIF,231,2,neg,8
CAGIDVKIIF,231,2,neg,8
CAGGDGKIIF,217,2,neg,8
CAGIDGKIIF,208,2,neg,8
CAGLDGKIIF,204,2,neg,8
CAGGDRKIIF,202,2,neg,8
CAGADVKIIF,201,2,neg,8
CAGGDVKIIF,190,2,neg,8
CAGRDGKIIF,186,2,neg,8
CAGRDGKIIF,184,2,neg,8
CAGADVKIIF,182,2,neg,8
CAGVDGKIIF,176,2,neg,8
CAGVDVKIIF,174,2,neg,8
CAGGDGKIIF,174,2,neg,8
CAGGDVKIIF,171,2,neg,8
CAGPDGKIIF,169,2,neg,8
CAGTDAKIIF,169,2,neg,8
CAGGDGKIIF,165,2,neg,8
CAGGDTKIIF,165,2,neg,8
CAGVDVKIIF,163,2,neg,8
CAGADGKIIF,163,2,neg,8
CAGVDGKIIF,162,2,neg,8
CAGADGKIIF,162,2,neg,8
CAGADVKIIF,161,2,neg,8
CAGTDGKIIF,156,2,neg,8
CAGRDVKIIF,156,2,neg,8
CAGADVKIIF,153,2,neg,8
CAGCDGKIIF,151,2,neg,8
CAGGDRKIIF,151,2,neg,8
CAGVDSKIIF,141,2,neg,8
CAGRDRKIIF,137,2,neg,8
CAGRDGKIIF,136,2,neg,8
CAGGDGKIIF,135,2,neg,8
CAGGDIKIIF,134,2,neg,8
CAGGDGKIIF,126,2,neg,8
CAGRDGKIIF,126,2,neg,8
CAGSDGKIIF,116,2,neg,8
CAGGDGKIIF,115,2,neg,8
CAGTDVKIIF,115,2,neg,8
CAGADIKIIF,112,2,neg,8
CAGGDVKIIF,111,2,neg,8
CAGVDRKIIF,104,2,neg,8
CAGIDTKIIF,104,2,neg,8
CAGIDLKIIF,104,2,neg,8
