pos_freq_1,pos_seq_1,pos_freq_2,pos_seq_2,pos_freq_3,pos_seq_3,neg_freq_1,neg_seq_1,neg_freq_2,neg_seq_2,neg_freq_3,neg_seq_3
1770,CASSLAPGATNEKLFF,1299.0,CASSLAPGATNEKLFF,1163.0,CASSLAPGATNEKLFF,552.0,CASSLAPGATNEKLFF,863.0,CASSLAPGATNEKLFF,832.0,CASSLAPGATNEKLFF
1223,CASSLAPGSTNEKLFF,677.0,CASSLAPGSTNEKLFF,796.0,CASSLAPGSTNEKLFF,122.0,CASSLTPGSRNEKLFF,151.0,CASSLTIGATNEKLFF,122.0,CASSLARGTRNEKLFF
430,CASSLAPGTTNEKLFF,147.0,CASSLATGRANEKLFF,153.0,CASSLAPGTTNEKLFF,105.0,CASSLIPGIRNEKLFF,97.0,CASSLTLGVTNEKLFF,104.0,CASSLLAGGANEKLFF
241,CASSLAPGATNEKLFF,121.0,CASSLVVGISNEKLFF,110.0,CASSLTTGRRNEKLFF,94.0,CASSLPTGTANEKLFF,92.0,CASSLATGSGNEKLFF,96.0,CASSLGAGIPNEKLFF
161,CASSLAPGTTNEKLFF,116.0,CASSLAPGTTNEKLFF,103.0,CASSLAPGATNEKLFF,94.0,CASSLTIGSPNEKLFF,89.0,CASSLLVGVPNEKLFF,94.0,CASSLIRGPLNEKLFF
146,CASSLRVGARNEKLFF,106.0,CASSLLIGRINEKLFF,95.0,CASSLAIGSSNEKLFF,92.0,CASSLPRGVRNEKLFF,86.0,CASSLTGGIRNEKLFF,90.0,CASSLTIGTGNEKLFF
139,CASSLILGRRNEKLFF,105.0,CASSLIVGTPNEKLFF,74.0,CASSLRAGIRNEKLFF,86.0,CASSLIIGLRNEKLFF,80.0,CASSLRVGSANEKLFF,87.0,CASSLLPGGANEKLFF
132,CASSLGMGSTNEKLFF,100.0,CASSLVTGITNEKLFF,74.0,CASSLGIGLTNEKLFF,84.0,CASSLGGGVINEKLFF,79.0,CASSLVGGISNEKLFF,86.0,CASSLPLGRLNEKLFF
132,CASSLILGRPNEKLFF,100.0,CASSLAPGVANEKLFF,73.0,CASSLRAGVINEKLFF,81.0,CASSLLVGVPNEKLFF,78.0,CASSLIIGIRNEKLFF,81.0,CASSLATGLTNEKLFF
127,CASSLSPGTTNEKLFF,92.0,CASSLGRGIRNEKLFF,70.0,CASSLGIGRGNEKLFF,79.0,CASSLTSGPVNEKLFF,73.0,CASSFAPGNTNEKLFF,79.0,CASSLGRGRRNEKLFF
124,CASSLARGVTNEKLFF,91.0,CASSLTGGTGNEKLFF,69.0,CASSLAPGTRNEKLFF,78.0,CASSLVTGSPNEKLFF,73.0,CASSLRLGITNEKLFF,77.0,CASSLIPGLRNEKLFF
122,CASSLTTGILNEKLFF,90.0,CASSLPSGGTNEKLFF,68.0,CASSLRPGITNEKLFF,77.0,CASSLRSGLVNEKLFF,72.0,CASSLRTGGTNEKLFF,76.0,CASSLTTGGANEKLFF
120,CASSLPIGPGNEKLFF,90.0,CASSLRTGTANEKLFF,67.0,CASSLTTGVRNEKLFF,74.0,CASSLITGRPNEKLFF,72.0,CASSLVGGVRNEKLFF,73.0,CASSLLGGRRNEKLFF
114,CASSLPTGGSNEKLFF,89.0,CASSLAPGTTNEKLFF,67.0,CASSLRVGVGNEKLFF,72.0,CASSLPTGRINEKLFF,70.0,CASSLVSGSSNEKLFF,69.0,CASSLVGGVPNEKLFF
114,CASSLSMGLRNEKLFF,89.0,CASSLGPGRINEKLFF,65.0,CASSLIGGSTNEKLFF,72.0,CASSLRGGRTNEKLFF,70.0,CASSLTIGPRNEKLFF,67.0,CASSLRIGIRNEKLFF
114,CASSLSLGGSNEKLFF,87.0,CASSLTRGIRNEKLFF,64.0,CASSLRGGTTNEKLFF,71.0,CASSLLRGRANEKLFF,70.0,CASSLTGGPRNEKLFF,67.0,CASSLVGGPINEKLFF
113,CASSLLAGAGNEKLFF,86.0,CASSLSAGTVNEKLFF,64.0,CASSLGTGGTNEKLFF,70.0,CASSLRRGAVNEKLFF,70.0,CASSLRMGRSNEKLFF,67.0,CASSLAVGLTNEKLFF
109,CASSLSRGGRNEKLFF,85.0,CASSLAPGVPNEKLFF,64.0,CASSLTMGLGNEKLFF,69.0,CASSLPRGVINEKLFF,68.0,CASSLIGGRGNEKLFF,66.0,CASSLVPGAANEKLFF
107,CASSLPMGTRNEKLFF,82.0,CASSLPPGPLNEKLFF,64.0,CASSLTSGVINEKLFF,68.0,CASSLRRGVTNEKLFF,68.0,CASSLTGGGRNEKLFF,66.0,CASSLAPGTTNEKLFF
107,CASSLTAGRRNEKLFF,82.0,CASSLAPGATNEKLFF,64.0,CASSLNPGTNNEKLFF,68.0,CASSLTIGIGNEKLFF,68.0,CASSLRPGPENEKLFF,66.0,CASSLRAGPRNEKLFF
107,CASSLRTGTVNEKLFF,82.0,CASSLRVGTRNEKLFF,63.0,CASSLLSGSRNEKLFF,67.0,CASSLGGGSGNEKLFF,67.0,CASSLTIGIGNEKLFF,65.0,CASSLAPGTTNEKLFF
105,CASSLTAGVRNEKLFF,80.0,CASSLAPGATNEKLFF,63.0,CASSLPRGPVNEKLFF,67.0,CASSLRTGIRNEKLFF,66.0,CASSLGTGRRNEKLFF,65.0,CASSLTAGIRNEKLFF
104,CASSLPRGTGNEKLFF,79.0,CASSLRTGLRNEKLFF,63.0,CASSLRAGPPNEKLFF,66.0,CASSLIRGVRNEKLFF,65.0,CASSLTRGGANEKLFF,64.0,CASSLGLGLTNEKLFF
103,CASSLRGGRMNEKLFF,78.0,CASSLPVGVSNEKLFF,63.0,CASSLAPGTTNEKLFF,65.0,CASSLRMGMRNEKLFF,65.0,CASSLRRGRPNEKLFF,64.0,CASSLGTGARNEKLFF
103,CASSLTSGVRNEKLFF,78.0,CASSLSRGVPNEKLFF,62.0,CASSLLRGTSNEKLFF,65.0,CASSLGMGAINEKLFF,64.0,CASSLIVGSGNEKLFF,64.0,CASSLTAGVRNEKLFF
101,CASSLRTGPGNEKLFF,76.0,CASSLLGGVGNEKLFF,62.0,CASSLVPGKHNEKLFF,63.0,CASSLGPGMRNEKLFF,63.0,CASSLTPGVGNEKLFF,63.0,CASSLPRGVRNEKLFF
99,CASSLRPGRTNEKLFF,75.0,CASSLVGGRRNEKLFF,62.0,CASSLVIGSINEKLFF,63.0,CASSLIVGMRNEKLFF,63.0,CASSLTMGRRNEKLFF,63.0,CASSLGIGTMNEKLFF
99,CASSLVPGSTNEKLFF,75.0,CASSLMIGRRNEKLFF,62.0,CASSLGPGVSNEKLFF,63.0,CASSLIAGVVNEKLFF,63.0,CASSLRTGTINEKLFF,62.0,CASSLRGGLANEKLFF
98,CASSLATGRANEKLFF,74.0,CASSLLRGRINEKLFF,62.0,CASSLRRGTTNEKLFF,62.0,CASSLAPGSTNEKLFF,62.0,CASSLHPGGRNEKLFF,61.0,CASSLRPGKLNEKLFF
98,CASSLRTGSPNEKLFF,73.0,CASSLPIGPVNEKLFF,61.0,CASSLLTGLSNEKLFF,62.0,CASSLRGGSTNEKLFF,62.0,CASSLGTGRVNEKLFF,59.0,CASSLRPGNRNEKLFF
96,CASSLTMGRTNEKLFF,73.0,CASSLGGGVRNEKLFF,61.0,CASSLPIGATNEKLFF,61.0,CASSLRRGTRNEKLFF,61.0,CASSLPTGIGNEKLFF,59.0,CASSLAPGSRNEKLFF
95,CASSLRPGRRNEKLFF,72.0,CASSLRPGGINEKLFF,61.0,CASSLPLGVGNEKLFF,61.0,CASSLRGGTTNEKLFF,61.0,CASSLGAGRSNEKLFF,59.0,CASSLGRGPANEKLFF
95,CASSLAPGASNEKLFF,71.0,CASSLRGGTRNEKLFF,61.0,CASSLASGILNEKLFF,61.0,CASSLSVGIRNEKLFF,61.0,CASSLTLGLRNEKLFF,59.0,CASSLRRGVRNEKLFF
94,CASSLRGGRRNEKLFF,71.0,CASSLMPGGANEKLFF,61.0,CASSLGSGMTNEKLFF,60.0,CASSLRPGPRNEKLFF,61.0,CASSLTVGSINEKLFF,59.0,CASSLRRGSRNEKLFF
94,CASSLAIGRINEKLFF,71.0,CASSLTGGATNEKLFF,60.0,CASSLRIGMGNEKLFF,60.0,CASSLMTGIANEKLFF,60.0,CASSLPAGRRNEKLFF,58.0,CASSLAIGVANEKLFF
94,CASSLSPGGPNEKLFF,70.0,CASSLIRGPPNEKLFF,60.0,CASSLTGGGRNKKLFF,60.0,CASSLRAGILNEKLFF,60.0,CASSLPRGVANEKLFF,58.0,CASSLARGGPNEKLFF
93,CASSLTTGAGNEKLFF,70.0,CASSLRIGVINEKLFF,59.0,CASSLPMGTRNEKLFF,59.0,CASSLTLGSANEKLFF,60.0,CASSLVVGSTNEKLFF,58.0,CASSLIPGAVNEKLFF
93,CASSLRRGLRNEKLFF,69.0,CASSLISGRTNEKLFF,59.0,CASSLVPGIRNEKLFF,58.0,CASSLRAGRGNEKLFF,60.0,CASSLGVGIRNEKLFF,58.0,CASSLIAGAPNEKLFF
92,CASSLAAGLVNEKLFF,69.0,CASSLMTGGANEKLFF,59.0,CASSLTPGGGNEKLFF,58.0,CASSLRTGAINEKLFF,59.0,CASSLPPGIHNEKLFF,58.0,CASSLSSGIGNEKLFF
91,CASSLTRGSSNEKLFF,68.0,CASSLLAGGANEKLFF,58.0,CASSLVPGVVNEKLFF,58.0,CASSLTAGATNEKLFF,59.0,CASSLTLGIINEKLFF,57.0,CASSLRRGRINEKLFF
91,CASSLTAGMGNEKLFF,68.0,CASSLLPGTGNEKLFF,58.0,CASSLGPGISNEKLFF,58.0,CASSLTRGSINEKLFF,59.0,CASSLAPGATNEKLFF,57.0,CASSLATGRANEKLFF
91,CASSLRIGGINEKLFF,68.0,CASSLLTGIRNEKLFF,58.0,CASSLIIGRSNEKLFF,57.0,CASSLLRGTRNEKLFF,58.0,CASSLARGRINEKLFF,57.0,CASSLIPGLANEKLFF
90,CASSLRRGVGNEKLFF,68.0,CASSLTIGTRNEKLFF,58.0,CASSLSTGRRNEKLFF,57.0,CASSLGAGTLNEKLFF,57.0,CASSLLRGLPNEKLFF,57.0,CASSLTAGTSNEKLFF
89,CASSLITGSTNEKLFF,66.0,CASSLRGGVPNEKLFF,58.0,CASSLRIGGSNEKLFF,57.0,CASSLSAGLPNEKLFF,57.0,CASSLDPGMDNEKLFF,56.0,CASSLPIGRRNEKLFF
89,CASSLRIGGLNEKLFF,66.0,CASSLAVGSVNEKLFF,57.0,CASSLPPGRRNEKLFF,56.0,CASSLSVGVGNEKLFF,57.0,CASSLMPGAPNEKLFF,56.0,CASSLRPGAGNEKLFF
87,CASSLRRGPRNEKLFF,66.0,CASSLRAGPTNEKLFF,57.0,CASSLRPGIGNEKLFF,56.0,CASSLRVGSGNEKLFF,56.0,CASSLIRGVGNEKLFF,56.0,CASSLRRGSTNEKLFF
86,CASSLAPGIANEKLFF,65.0,CASSLTPGATNEKLFF,56.0,CASSLRPGRGNEKLFF,55.0,CASSLVVGGSNEKLFF,55.0,CASSLLAGGANEKLFF,56.0,CASSLGVGTRNEKLFF
86,CASSLSSGTSNEKLFF,64.0,CASSLRAGPGNEKLFF,56.0,CASSLTVGGPNEKLFF,55.0,CASSLTGGTGNEKLFF,55.0,CASSLIPGRGNEKLFF,56.0,CASSLTMGRLNEKLFF
85,CASSLGTGRRNEKLFF,64.0,CASSLSTGRRNEKLFF,55.0,CASSLAPGKANEKLFF,55.0,CASSLTTGLPNEKLFF,53.0,CASSLILGARNEKLFF,55.0,CASSLGAGGVNEKLFF
84,CASSLPRGVVNEKLFF,63.0,CASSLPPGAVNEKLFF,55.0,CASSLTIGATNEKLFF,55.0,CASSLRAGPRNEKLFF,53.0,CASSLTRGVRNEKLFF,55.0,CASSLTTGLRNEKLFF
84,CASSLAPGATNEKLFF,63.0,CASSLMTGRRNEKLFF,54.0,CASSLLTGIRNEKLFF,55.0,CASSLRRGAINEKLFF,53.0,CASSLTPGTMNEKLFF,54.0,CASSLPTGRINEKLFF
84,CASSLATGIANEKLFF,62.0,CASSLPMGGINEKLFF,54.0,CASSLTTGASNEKLFF,54.0,CASSLTTGRRNEKLFF,52.0,CASSLRAGGGNEKLFF,54.0,CASSLVAGMLNEKLFF
84,CASSLGGGSINEKLFF,62.0,CASSLRGGTINEKLFF,53.0,CASSLPPGPLNEKLFF,53.0,CASSLGVGRPNEKLFF,52.0,CASSLRTGIGNEKLFF,54.0,CASSLTRGRVNEKLFF
84,CASSLTRGMGNEKLFF,62.0,CASSLITGLVNEKLFF,53.0,CASSLRPGRANEKLFF,52.0,CASSLIPGHPNEKLFF,52.0,CASSLIRGLMNEKLFF,53.0,CASSLLPGIGNEKLFF
84,CASSLTAGRINEKLFF,61.0,CASSLLVGVPNEKLFF,53.0,CASSLRTGTANEKLFF,52.0,CASSLTAGRANEKLFF,52.0,CASSLTLGLINEKLFF,53.0,CASSLPRGPRNEKLFF
83,CASSLRGGRINEKLFF,61.0,CASSLIVGSRNEKLFF,52.0,CASSLRTGRRNEKLFF,52.0,CASSLTIGPGNEKLFF,52.0,CASSLTTGRVNEKLFF,53.0,CASSLRRGGRNEKLFF
83,CASSLAPGTTNEKLFF,61.0,CASSLMPGGGNEKLFF,52.0,CASSLTTGTINEKLFF,51.0,CASSLGTGGINEKLFF,52.0,CASSLRGGRINEKLFF,53.0,CASSLMPGSRNEKLFF
81,CASSLVTGLLNEKLFF,61.0,CASSLTAGPANEKLFF,51.0,CASSLRLGARNEKLFF,51.0,CASSLTIGSPNEKLFF,51.0,CASSLGPGARNEKLFF,53.0,CASSLIAGISNEKLFF
81,CASSLGPGRPNEKLFF,60.0,CASSLPPGRSNEKLFF,50.0,CASSLRPGSSNEKLFF,51.0,CASSLSSGTPNEKLFF,50.0,CASSLPRGTGNEKLFF,53.0,CASSLRTGPGNEKLFF
81,CASSLRPGRANEKLFF,60.0,CASSLRVGTTNEKLFF,50.0,CASSLTTGPRNEKLFF,51.0,CASSLSGGATNEKLFF,50.0,CASSLAPGPKNEKLFF,52.0,CASSLARGILNEKLFF
80,CASSLPSGMRNEKLFF,60.0,CASSLRSGLMNEKLFF,50.0,CASSLSGGVGNEKLFF,51.0,CASSLRVGIRNEKLFF,49.0,CASSLARGVRNEKLFF,52.0,CASSLKPGRVNEKLFF
80,CASSLTSGTMNEKLFF,60.0,CASSLTGGIMNEKLFF,49.0,CASSLATGRGNEKLFF,51.0,CASSLRPGADNEKLFF,48.0,CASSLGSGGSNEKLFF,51.0,CASSLRPGSANEKLFF
79,CASSLGGGGMNEKLFF,59.0,CASSLLLGRRNEKLFF,49.0,CASSLTVGVANEKLFF,51.0,CASSLRRGTTNEKLFF,48.0,CASSLTPGVPNEKLFF,51.0,CASSLVSGTRNEKLFF
79,CASSLMPGTRNEKLFF,59.0,CASSLRMGLVNEKLFF,49.0,CASSLRAGILNEKLFF,50.0,CASSLRVGLTNEKLFF,48.0,CASSLSRGIRNEKLFF,51.0,CASSLGGGVINEKLFF
79,CASSLTLGGTNEKLFF,59.0,CASSLATGPINEKLFF,48.0,CASSLRRGPINEKLFF,50.0,CASSLVSGAPNEKLFF,47.0,CASSLVPGGGNEKLFF,51.0,CASSLIPGLTNEKLFF
79,CASSLTVGGPNEKLFF,59.0,CASSLATGRVNEKLFF,47.0,CASSLRMGMRNEKLFF,50.0,CASSLGRGGRNEKLFF,47.0,CASSLMRGTTNEKLFF,50.0,CASSLPSGTVNEKLFF
78,CASSLLAGIANEKLFF,58.0,CASSLLRGLPNEKLFF,47.0,CASSLRIGTINEKLFF,50.0,CASSLTPGLGNEKLFF,46.0,CASSLATGTTNEKLFF,50.0,CASSLVPGIANEKLFF
78,CASSLLPGVRNEKLFF,58.0,CASSLPGGPGNEKLFF,47.0,CASSLSPGTTNEKLFF,49.0,CASSLVPGMRNEKLFF,46.0,CASSLGPGADNEKLFF,49.0,CASSLPVGTANEKLFF
78,CASSLRLGTVNEKLFF,57.0,CASSLPGGGSNEKLFF,46.0,CASSLLTGGANEKLFF,49.0,CASSLSRGGINEKLFF,46.0,CASSLSLGGSNEKLFF,49.0,CASSLIGGSTNEKLFF
77,CASCLRAGGRNEKLFF,57.0,CASSLVSGAGNEKLFF,46.0,CASSLLRGIVNEKLFF,49.0,CASSLRRGAANEKLFF,46.0,CASSLSGGLINEKLFF,49.0,CASSLTTGVRNEKLFF
77,CASSLAGGSGNEKLFF,57.0,CASSLDPGHVNEKLFF,44.0,CASSLAPGRINEKLFF,49.0,CASSLRVGARNEKLFF,45.0,CASSLRRGSTNEKLFF,49.0,CASSLSRGVTNEKLFF
77,CASSLAIGVANEKLFF,57.0,CASSLTIGIRNEKLFF,43.0,CASSLRRGSTNEKLFF,48.0,CASSLPRGALNEKLFF,45.0,CASSLVGGRRNEKLFF,48.0,CASSLLMGTGNEKLFF
77,CASSLAGGGINEKLFF,56.0,CASSLASGRGNEKLFF,43.0,CASSLRMGVINEKLFF,48.0,CASSLRSGTVNEKLFF,45.0,CASSLAPGAGNEKLFF,48.0,CASSLPRGTGNEKLFF
77,CASSLRAGGANEKLFF,56.0,CASSLIGGIRNEKLFF,43.0,CASSLARGIMNEKLFF,48.0,CASSLGRGPRNEKLFF,44.0,CASSLLTGVTNEKLFF,48.0,CASSLRPGHRNEKLFF
76,CASSLILGRLNEKLFF,56.0,CASSLTIGVSNEKLFF,43.0,CASSLTLGGMNEKLFF,48.0,CASSLISGGVNEKLFF,44.0,CASSLPTGRRNEKLFF,48.0,CASSLRAGITNEKLFF
76,CASSLTGGVINEKLFF,56.0,CASSLRVGRINEKLFF,43.0,CASSLTRGTLNEKLFF,48.0,CASSLRRGRPNEKLFF,44.0,CASSLALGRINEKLFF,48.0,CASSLRMGMRNEKLFF
75,CASSLTPGRGNEKLFF,55.0,CASSLPPGAGNEKLFF,43.0,CASSLTTGTRNEKLFF,47.0,CASSLVTGIVNEKLFF,44.0,CASSLATGAGNEKLFF,48.0,CASSLVLGSGNEKLFF
75,CASSLRPGAPNEKLFF,55.0,CASSLPTGIGNEKLFF,42.0,CASSLPGGMPNEKLFF,47.0,CASSLAGGVVNEKLFF,44.0,CASSLATGIGNEKLFF,48.0,CASSLAVGRGNEKLFF
74,CASSFPPGTSNEKLFF,55.0,CASSLQPGAVNEKLFF,42.0,CASSLAPGRINEKLFF,46.0,CASSLLTGRLNEKLFF,44.0,CASSLIGGILNEKLFF,48.0,CASSLMGGTTNEKLFF
74,CASSLGPGAANEKLFF,55.0,CASSLALGGVNEKLFF,41.0,CPSSLTRGSSNEKLFF,46.0,CASSLPGGLRNEKLFF,43.0,CASSLPTGGRNEKLFF,48.0,CASSLTPGIINEKLFF
73,CASSLLGGLANEKLFF,55.0,CASSLMRGTTNEKLFF,41.0,CASSLLPGRRNEKLFF,46.0,CASSLATGRANEKLFF,43.0,CASSLPAGAANEKLFF,48.0,CASSLTTGALNEKLFF
73,CASSLPPGRGNEKLFF,55.0,CASSLIPGASNEKLFF,41.0,CASSLRPGNSNEKLFF,46.0,CASSLTRGGRNEKLFF,43.0,CASSLTRGPRNEKLFF,48.0,CASSLRGGTRNEKLFF
73,CASSLRIGALNEKLFF,55.0,CASSLITGLTNEKLFF,41.0,CASSLVGGGTNEKLFF,46.0,CASSLRGGTRNEKLFF,43.0,CASSLRTGRLNEKLFF,48.0,CASSLRRGVGNEKLFF
73,CASSLARGLANEKLFF,55.0,CASSLTIGRLNEKLFF,41.0,CASSLVLGLRNEKLFF,46.0,CASSLRTGTRNEKLFF,42.0,CASSLRLGRTNEKLFF,47.0,CASSLPLGIPNEKLFF
73,CASSLRIGSTNEKLFF,55.0,CASSLTRGAVNEKLFF,41.0,CASSLGPGDPNEKLFF,45.0,CASSLLAGGVNEKLFF,42.0,CASSLRLGTRNEKLFF,47.0,CASSLPTGRANEKLFF
72,CASSLARGVGNEKLFF,55.0,CASSLTGGLTNEKLFF,41.0,CASSLGRGIPNEKLFF,45.0,CASSLRGGIRNEKLFF,42.0,CASSLVRGGTNEKLFF,47.0,CASSLRLGIKNEKLFF
72,CASSLIMGIGNEKLFF,55.0,CASSLTAGAINEKLFF,40.0,CASSLLVGGPNEKLFF,45.0,CASSLVSGVGNEKLFF,42.0,CASSLGSGVLNEKLFF,47.0,CASSLRVGVLNEKLFF
71,CASSLPMGRLNEKLFF,55.0,CASSLTGGGINEKLFF,40.0,CASSLRRGRANEKLFF,45.0,CASSLVTGGANEKLFF,42.0,CASSLTAGILNEKLFF,47.0,CASSLATGRSNEKLFF
71,CASSLTTGALNEKLFF,54.0,CASSLAPGSGNEKLFF,40.0,CASSLRAGRLNEKLFF,45.0,CASSLTLGGMNEKLFF,42.0,CASSLTVGSTNEKLFF,47.0,CASSLTVGGRNEKLFF
70,CASSLLVGVPNEKLFF,54.0,CASSLARGTVNEKLFF,40.0,CASSLVTGVANEKLFF,45.0,CASSLSAGGANEKLFF,41.0,CASSLPSGAPNEKLFF,47.0,CASSLTPGTVNEKLFF
70,CASSLIRGVVNEKLFF,54.0,CASSLGSGGLNEKLFF,40.0,CASSLAPGVANEKLFF,44.0,CASSLLGGVVNEKLFF,41.0,CASSLPAGLRNEKLFF,46.0,CASSLAMGRANEKLFF
70,CASSLSPGRGNEKLFF,54.0,CASSLSRGGRNEKLFF,40.0,CASSLAPGVTNEKLFF,44.0,CASSLPTGRGNEKLFF,41.0,CASSLRPGRVNEKLFF,46.0,CASSLRRGPGNEKLFF
69,CASSLLGGIANEKLFF,53.0,CASSLPGGISNEKLFF,40.0,CASSLGAGLVNEKLFF,44.0,CASSLRLGSTNEKLFF,41.0,CASSLGPGLPNEKLFF,46.0,CASSLRIGRANEKLFF
69,CASSLPLGPGNEKLFF,53.0,CASSLAMGARNEKLFF,40.0,CASSLGGGGMNEKLFF,44.0,CASSLQPGVDNEKLFF,41.0,CASSLGRGTRNEKLFF,45.0,CASSLRTGLTNEKLFF
69,CASSLVGGTTNEKLFF,53.0,CASSLRPGVRNEKLFF,40.0,CASSLTAGGTNEKLFF,44.0,CASSLVIGVSNEKLFF,41.0,CASSLTGGRLNEKLFF,45.0,CASSLTSGRGNEKLFF
69,CASSLAAGLMNEKLFF,52.0,CASSLLVGRINEKLFF,40.0,CASSLTGGGINEKLFF,44.0,CASSLGAGIPNEKLFF,41.0,CASSLTAGLRNEKLFF,44.0,CASSLLTGIINEKLFF
68,CASSLLTGGPNEKLFF,52.0,CASSLPLGRRNEKLFF,39.0,CASSLLIGRLNEKLFF,44.0,CASSLTAGRRNEKLFF,41.0,CASSLTIGIRNKKLFF,44.0,CASSLRPGCLNEKLFF
68,CASSLPRGVRNEKLFF,52.0,CASSLVPGARNEKLFF,39.0,CASSLPVGAANEKLFF,44.0,CASSLTPGGRNEKLFF,41.0,CASSLTSGTTNEKLFF,44.0,CASSLGGGGMNEKLFF
68,CASSLGTGSRNEKLFF,52.0,CASSLATGGPNEKLFF,39.0,CASSLTIGTANEKLFF,44.0,CASSLRPGPINEKLFF,41.0,CASSLRPGTLNEKLFF,44.0,CASSLEPGGGNEKLFF
68,CASSLTAGRGNEKLFF,52.0,CASSLDPGTMNEKLFF,38.0,CASSLPLGTRNEKLFF,44.0,CASSLRIGVTNEKLFF,41.0,CASSLAPGNTNEKLFF,44.0,CASSLTPGRGNEKLFF
67,CASSLLGGVANEKLFF,52.0,CASSLSIGVRNEKLFF,38.0,CASSLRLGGINEKLFF,43.0,CASSLLPGTLNEKLFF,40.0,CASSLPRGPSNEKLFF,43.0,CASSLPAGLSNEKLFF
67,CASSLRIGGANEKLFF,52.0,CASSLRLGATNEKLFF,38.0,CASSLRRGALNEKLFF,43.0,CASSLPVGAANEKLFF,40.0,CASSLPAGMINEKLFF,43.0,CASSLPGGLRNEKLFF
67,CASSLIIGLRNEKLFF,51.0,CASSLVPGIGNEKLFF,38.0,CASSLRTGGRNEKLFF,43.0,CASSLPRGVANEKLFF,40.0,CASSLRAGITNEKLFF,43.0,CASSLVRGIRNEKLFF
67,CASSLSPGSTNEKLFF,51.0,CASSLAMGGTNEKLFF,38.0,CASSLSPGHKNEKLFF,43.0,CASSLPRGGANEKLFF,40.0,CASSLQPGAGNEKLFF,43.0,CASSLGIGTSNEKLFF
67,CASSLRRGGANEKLFF,51.0,CASSLARGLGNEKLFF,38.0,CASSLRAGVTNEKLFF,43.0,CASSLPLGRTNEKLFF,40.0,CASSLITGLRNEKLFF,43.0,CASSLMTGRSNEKLFF
66,CASSLLVGRTNEKLFF,51.0,CASSLGRGGINEKLFF,37.0,CASSLPIGRRNEKLFF,43.0,CASSLRRGLTNEKLFF,40.0,CASSLITGIPNEKLFF,43.0,CASSLTIGSPNEKLFF
66,CASSLRRGRGNEKLFF,50.0,CASSLIAGLMNEKLFF,37.0,CASSLPGGISNEKLFF,43.0,CASSLGIGRLNEKLFF,40.0,CASSLTGGGSNEKLFF,42.0,CASSLLAGPANEKLFF
65,CASSLRPGLTNEKLFF,50.0,CASSLSPGSTNEKLFF,37.0,CASSLATGGGNEKLFF,43.0,CASSLTIGRLNEKLFF,39.0,CASSLRRGAVNEKLFF,42.0,CASSLRPGGGNEKLFF
65,CASSLAIGSANEKLFF,50.0,CASSLRIGSANEKLFF,37.0,CASSLTRGMGNEKLFF,43.0,CASSLTGGAGNEKLFF,39.0,CASSLGGGMTNEKLFF,41.0,CASSLRTGLRNEKLFF
65,CASSLGLGVTNEKLFF,49.0,CASSLPTGVSNEKLFF,37.0,CASSLTRGVTNEKLFF,43.0,CASSLRTGPGNEKLFF,39.0,CASSLMGGRVNEKLFF,41.0,CASSLRIGALNEKLFF
65,CASSLILGARNEKLFF,49.0,CASSLMVGLANEKLFF,37.0,CASSLSGGVRNEKLFF,42.0,CASSLPAGRPNEKLFF,38.0,CASSLLRGTLNEKLFF,41.0,CASSLVIGRVNEKLFF
64,CASSLRLGLGNEKLFF,49.0,CASSLMAGIRNEKLFF,36.0,CASSLLAGGVNEKLFF,42.0,CASSLRIGALNEKLFF,38.0,CASSLLLGVRNEKLFF,41.0,CASSLAVGAGNEKLFF
64,CASSLRGGSLNEKLFF,49.0,CASSLSAGIGNEKLFF,36.0,CASSLLRGVGNEKLFF,42.0,CASSLGTGRTNEKLFF,38.0,CASSLLVGGPNEKLFF,41.0,CASSLIIGRGNEKLFF
64,CASSLATGRRNEKLFF,49.0,CASSLRRGTTNEKLFF,36.0,CASSLPGGTGNEKLFF,42.0,CASSLGRGVTNEKLFF,38.0,CASSLRPGSTNEKLFF,41.0,CASSLTTGSGNEKLFF
64,CASSLGRGRANEKLFF,49.0,CASSLVPGSVNEKLFF,36.0,CASSLRIGRVNEKLFF,42.0,CASSLIRGLANEKLFF,38.0,CASSLRGGRINEKLFF,41.0,CASSLTVGTSNEKLFF
64,CASSLITGPLNEKLFF,48.0,CASSLLVGRVNEKLFF,36.0,CASSLARGVRNEKLFF,42.0,CASSLTVGPRNEKLFF,38.0,CASSLALGIVNEKLFF,41.0,CASSLTTGPPNEKLFF
64,CASSLIPGRGNEKLFF,48.0,CASSLLTGLPNEKLFF,36.0,CASSLMTGLTNEKLFF,42.0,CASSLSPGGPNEKLFF,38.0,CASSLIAGVGNEKLFF,40.0,CASSLRPGSSNEKLFF
64,CASSLIRGITNEKLFF,48.0,CASSLLVGVVNEKLFF,36.0,CASSLTVGRGNEKLFF,41.0,CASSLLVGRANEKLFF,38.0,CASSLTVGRVNEKLFF,40.0,CASSLRTGTINEKLFF
64,CASSLIPGRLNEKLFF,48.0,CASSLPAGSTNEKLFF,36.0,CASSLTTGALNEKLFF,41.0,CASSLPVGARNEKLFF,38.0,CASSLTMGMRNEKLFF,40.0,CASSLVRGGVNEKLFF
64,CASSLTSGRVNEKLFF,48.0,CASSLPAGVINEKLFF,36.0,CASSLSRGISNEKLFF,41.0,CASSLPTGRGNEKLFF,38.0,CASSLTPGATNEKLFF,40.0,CASSLTSGPTNEKLFF
64,CASSLSTGVGNEKLFF,48.0,CASSLPSGRLNEKLFF,36.0,CASRLSSGLRNEKLFF,41.0,CASSLGMGVRNEKLFF,38.0,CASSLSPGVRNEKLFF,40.0,CASSLTRGPSNEKLFF
63,CASSLPRGLSNEKLFF,48.0,CASSLRGGSPNEKLFF,35.0,CASSLRRGITNEKLFF,41.0,CASSLIRGSPNEKLFF,38.0,CASSLRIGILNEKLFF,39.0,SASSLGPGRSNEKLFF
63,CASSLPVGAANEKLFF,48.0,CASSLAMGGTNEKLFF,35.0,CASSLAIGIRNEKLFF,41.0,CASSLTPGVLNEKLFF,37.0,CASSLLPGPVNEKLFF,39.0,CASSLLPGRGNEKLFF
63,CASSLPIGIGNEKLFF,48.0,CASSLGPGSVNEKLFF,35.0,CASSLARGTTNEKLFF,41.0,CASSLTRGTTNEKLFF,37.0,CASSLLPGVINEKLFF,39.0,CASSLRAGIGNEKLFF
63,CASSLRGGPANEKLFF,48.0,CASSLITGVGNEKLFF,35.0,CASSLEPGGVNEKLFF,41.0,CASSLTAGLRNEKLFF,37.0,CASSLARGRANEKLFF,39.0,CASSLRGGIRNEKLFF
63,CASSLRAGITNEKLFF,48.0,CASSLTPGGANEKLFF,35.0,CASSLTVGGGNEKLFF,41.0,CASSLRPGLINEKLFF,37.0,CASSLGMGSTNEKLFF,39.0,CASSLAGGAGNEKLFF
63,CASSLVTGGVNEKLFF,47.0,CASSLPAGARNEKLFF,35.0,CASSLTTGTRNEKLFF,40.0,CASSLRGGLANEKLFF,37.0,CASSLIAGIGNEKLFF,39.0,CASSLMPGGRNEKLFF
63,CASSLGSGRRNEKLFF,47.0,CASSLRVGVPNEKLFF,35.0,CASSLTVGSINEKLFF,40.0,CASSLRIGTINEKLFF,37.0,CASSLTRGGVNEKLFF,39.0,CASSLTRGAVNEKLFF
62,CASSLPRGGRNEKLFF,47.0,CASSLAPGRRNEKLFF,35.0,CASSLRAGLLNEKLFF,40.0,CASSLRPGQGNEKLFF,37.0,CASSLTVGGRNEKLFF,39.0,CASSLTAGRANEKLFF
62,CASSLRAGRANEKLFF,47.0,CASSLARGIRNEKLFF,35.0,CASSLAPGATNEKLFF,40.0,CASSLRRGTTNEKLFF,37.0,CASSLTTGGANEKLFF,39.0,CASSLRLGIVNEKLFF
62,CASSLRTGIINEKLFF,47.0,CASSLGIGVMNEKLFF,34.0,CASSLLTGVGNEKLFF,40.0,CASSLALGSVNEKLFF,37.0,CASSLTPGVANEKLFF,38.0,CASSLLSGTINEKLFF
62,CASSLRRGGRNEKLFF,47.0,CASSLGPGIANEKLFF,34.0,CASSLPRGSTNEKLFF,40.0,CASSLGLGATNEKLFF,37.0,CASSLSPGRLNEKLFF,38.0,CASSLRGGIPNEKLFF
62,CASSLALGRSNEKLFF,47.0,CASSLILGVGNEKLFF,34.0,CASSLPMGGINEKLFF,40.0,CASSLMIGMTNEKLFF,36.0,CASSLLTGRINEKLFF,38.0,CASSLTIGPLNEKLFF
62,CASSLATGVANEKLFF,47.0,CASSLIRGRRNEKLFF,34.0,CASSLRTGTTNEKLFF,40.0,CASSLSLGSSNEKLFF,36.0,CASSLLLGTVNEKLFF,37.0,CASSLLTGPVNEKLFF
62,CASSLSPGALNEKLFF,47.0,CASSLIPGRGNEKLFF,34.0,CASSLQPGARNEKLFF,39.0,CASSLLVGVANEKLFF,36.0,CASSLPIGGVNEKLFF,37.0,CASSLPRGPPNEKLFF
62,CASSLSRGVPNEKLFF,47.0,CASSLIAGLSNEKLFF,34.0,CASSLVLGGVNEKLFF,39.0,CASSLRTGTVNEKLFF,36.0,CASSLRRGRRNGKLFF,37.0,CASSLPPGLLNEKLFF
62,CASSLSSGSRNEKLFF,47.0,CASSLTAGGRNEKLFF,34.0,CASSLVTGVVNEKLFF,39.0,CASSLAPGSANEKLFF,36.0,CASSLRRGSANEKLFF,37.0,CASSLRAGRVNEKLFF
62,CASSLRTGLRNEKLFF,47.0,CASSLTRGVPNEKLFF,34.0,CASSLAPGIANEKLFF,39.0,CASSLTGGPRNEKLFF,36.0,CASSLVSGLVNEKLFF,37.0,CASSLIGGLTNEKLFF
62,CASSLRRGRPNEKLFF,47.0,CASSLSPGSRNEKLFF,34.0,CASSLIRGSTNEKLFF,39.0,CASSLTIGALNEKLFF,36.0,CASSLVTGRRNEKLFF,37.0,CASSLIRGAGNEKLFF
62,CASSLRGGITNEKLFF,47.0,CASSLSTGASNEKLFF,34.0,CASSLTLGRPNEKLFF,39.0,CASSLTTGRRNEKLFF,36.0,CASSLGTGSRNEKLFF,37.0,CASSLTRGPPNEKLFF
61,CASSLLPGRPNEKLFF,47.0,CASSLRPGGINEKLFF,34.0,CASSLTAGTVNEKLFF,39.0,CASSLTSGRVNEKLFF,36.0,CASSLIAGTPNEKLFF,37.0,CASSLTAGPLNEKLFF
61,CASSLPLGGPNEKLFF,47.0,CASSLRGGLVNEKLFF,34.0,CASSLTGGGPNEKLFF,39.0,CASSLTGGVLNEKLFF,36.0,CASSLIAGGVNEKLFF,37.0,CASSLSPGILNEKLFF
61,CASSLMAGTGNEKLFF,46.0,CASSLLPGVINEKLFF,34.0,CASSLTVGLRNEKLFF,39.0,CASSLRPGQTNEKLFF,36.0,CASSLTPGVRNEKLFF,37.0,CASSLSPGSQNEKLFF
61,CASSLSVGTRNEKLFF,46.0,CASSLLIGGPNEKLFF,34.0,CASSLSRGSVNEKLFF,38.0,CASSLLTGSINEKLFF,36.0,CASSLTAGRANEKLFF,37.0,CASSLRPGSGNEKLFF
60,CASSLPRGTANEKLFF,46.0,CASSLLMGTPNEKLFF,34.0,CASSLSRGTLNEKLFF,38.0,CASSLAPGRTNEKLFF,36.0,CASSLTRGTRNEKLFF,36.0,CASSLLIGTRNEKLFF
60,CASSLVGGSGNEKLFF,46.0,CASSLPPGTRNEKLFF,34.0,CASSLSTGRRNEKLFF,38.0,CASSLAVGMGNEKLFF,36.0,CASSLRPGIRNEKLFF,36.0,CASSLPMGRINEKLFF
60,CASSLGRGPLNEKLFF,46.0,CASSLPIGVTNEKLFF,33.0,CASSLLGGTTNEKLFF,38.0,CASSLGLGIVNEKLFF,35.0,CASSLLGGGLNEKLFF,36.0,CASSLPRGTRNEKLFF
60,CASSLGRGLGNEKLFF,46.0,CASSLRGGILNEKLFF,33.0,CASSLLLGGGNEKLFF,38.0,CASSLGIGTMNEKLFF,35.0,CASSLPGGVANEKLFF,36.0,CASSLRLGLMNEKLFF
60,CASSLSVGTRNEKLFF,46.0,CASSLRTGSPNEKLFF,33.0,CASSLPPGGDNEKLFF,38.0,CASSLGIGSINEKLFF,35.0,CASSLRTGVPNEKLFF,36.0,CASSLIPGPGNEKLFF
60,CASSLRVGIINEKLFF,46.0,CASSLAPGRINEKLFF,33.0,CASSLPPGVRNEKLFF,38.0,CASSLIRGISNEKLFF,35.0,CASSLVPGHENEKLFF,36.0,CASSLTGGRPNEKLFF
59,CASSLPRGIVNEKLFF,46.0,CASSLGTGRTNEKLFF,33.0,CASSLPAGRRNEKLFF,38.0,CASSLISGVANEKLFF,35.0,CASSLALGITNEKLFF,36.0,CASSLTIGATNEKLFF
59,CASSLRRGSTNEKLFF,46.0,CASSLGPGIVNEKLFF,33.0,CASSLVAGLVNEKLFF,38.0,CASSLIAGGANEKLFF,35.0,CASSLMRGGMNEKLFF,36.0,CASSLTMGRLNEKLFF
59,CASSLRLGLMNEKLFF,46.0,CASSLGLGSRNEKLFF,33.0,CASSLAIGRGNEKLFF,38.0,CASSLTAGGVNEKLFF,35.0,CASSLMRGTLNEKLFF,36.0,CASSLTTGRINEKLFF
59,CASSLRGGAGNEKLFF,46.0,CASSLISGTPNEKLFF,33.0,CASSLGRGTRNEKLFF,38.0,CASSLRRGPPNEKLFF,35.0,CASSLTRGTTNEKLFF,36.0,CASSLSMGASNEKLFF
59,CASSLAIGVINEKLFF,46.0,CASSLTGGGGNEKLFF,33.0,CASSLTTGRRNEKLFF,38.0,CASSLRPGRGNEKLFF,35.0,CASSLTAGSPNEKLFF,36.0,CASSLSPGSLNEKLFF
59,CASSLTGGTRNEKLFF,46.0,CASSLTGGLSNEKLFF,33.0,CASSLTAGAPNEKLFF,38.0,CASSLRVGRSNEKLFF,35.0,CASSLTVGRANEKLFF,36.0,CASSLRVGIRNEKLFF
59,CASSLTTGTVNEKLFF,46.0,CASSLRGGRANEKLFF,33.0,CASSLRIGRTNEKLFF,37.0,CASSLLIGVGNEKLFF,34.0,CASSFMAGTVNEKLFF,36.0,CASSLRGGITNEKLFF
58,CASSLRTGGRNEKLFF,45.0,CASSLPPGARNEKLFF,32.0,CASSLLVGVPNEKLFF,37.0,CASSLLPGSHNEKLFF,34.0,CASSLPTGRRNEKLFF,35.0,CASSLGRGGRNEKLFF
58,CASSLVPGPGNEKLFF,45.0,CASSLPRGPTNEKLFF,32.0,CASSLRRGGGNEKLFF,37.0,CASSLPTGLTNEKLFF,34.0,CASSLRPGVGNEKLFF,35.0,CASSLDPGDLNEKLFF
58,CASSLSTGVLNEKLFF,45.0,CASSLRRGLINEKLFF,32.0,CASSLAPGSTNEKLFF,37.0,CASSLRGGAGNEKLFF,34.0,CASSLRAGAVNEKLFF,35.0,CASSLITGTRNEKLFF
58,CASSLRLGTLNEKLFF,45.0,CASSLAPGTSNEKLFF,32.0,CASSLAPGALNEKLFF,37.0,CASSLRSGRRNEKLFF,34.0,CASSLVPGVSNEKLFF,35.0,CASSLMRGGMNEKLFF
57,CASSLRMGMRNEKLFF,45.0,CASSLGAGGVNEKLFF,32.0,CASSLGAGLANEKLFF,37.0,CASSLARGRSNEKLFF,34.0,CASSLVVGITNEKLFF,35.0,CASSLTRGIRNEKLFF
57,CASSLRAGPPNEKLFF,45.0,CASSLTIGLPNEKLFF,32.0,CASSLIAGAINEKLFF,37.0,CASSLGPGLVNEKLFF,34.0,CASSLVGGRPNEKLFF,35.0,CASSLSTGISNEKLFF
57,CASSLAPGALNEKLFF,45.0,CASSLTPGGANEKLFF,32.0,CASSLIIGRRNEKLFF,37.0,CASSLTPGPDNEKLFF,34.0,CASSLVRGAGNEKLFF,35.0,CASSLRGGPINEKLFF
57,CASSLIGGGGNEKLFF,45.0,CASSLSRGGPNEKLFF,32.0,CASSLTIGGINEKLFF,37.0,CASSLTPGVRNEKLFF,34.0,CASSLVSGVPNEKLFF,34.0,CASSLPRGISNEKLFF
57,CASSLRRGGPNEKLFF,45.0,CASSLNPGPENEKLFF,32.0,CASSLTRGGSNEKLFF,37.0,CASSLRGGLVNEKLFF,34.0,CASSLAPGSTNEKLFF,34.0,CASSLRLGRTNEKLFF
56,CASSLLRGLTNEKLFF,45.0,CASSLKPGVINEKLFF,32.0,CASSLTVGSGNEKLFF,37.0,CASSLRRGRPNEKLFF,34.0,CASSLGLGGRNEKLFF,34.0,CASSLVGGVRNEKLFF
56,CASSLPPGRGNEKLFF,44.0,CASSLPAGRRNEKLFF,32.0,CASSLSRGLGNEKLFF,36.0,CASSLPRGVRNEKLFF,34.0,CASSLGRGIRNEKLFF,34.0,CASSLAPGATNEKLFF
56,CASSLPGGGSNEKLFF,44.0,CASSLPGGSPNEKLFF,32.0,CASSLSAGRRNEKLFF,36.0,CASSLRTGILNEKLFF,34.0,CASSLMPGIGNEKLFF,34.0,CASSLALGRLNEKLFF
56,CASSLTRGVVNEKLFF,44.0,CASSLRLGTVNEKLFF,32.0,CARSLIRGPRNEKLFF,36.0,CASSLRLGTVNEKLFF,34.0,CASSLMAGGGNEKLFF,34.0,CASSLGIGLTNEKLFF
56,CASSLTGGGINEKLFF,44.0,CASSLVGGVANEKLFF,31.0,CASSLLRGGPNEKLFF,36.0,CASSLRRGIRNEKLFF,34.0,CASSLTVGSGNEKLFF,34.0,CASSLIAGGRNEKLFF
56,CASSLSRGVTNEKLFF,44.0,CASSLAVGLTNEKLFF,31.0,CASSLPPGTSNEKLFF,36.0,CASSLVPGPTNEKLFF,34.0,CASSLTAGLRNEKLFF,34.0,CASSLTAGLRNEKLFF
55,CASSLPRGRRNEKLFF,44.0,CASSLRIGRVNEKLFF,31.0,CASSLRTGPSNEKLFF,36.0,CASSLAPGSGNEKLFF,34.0,CASSLTRGRVNEKLFF,34.0,CASSLTPGVTNEKLFF
55,CASSLRRGTLNEKLFF,44.0,CASSLRSGVRNEKLFF,31.0,CASSLARGITNEKLFF,36.0,CASSLGTGIRNEKLFF,34.0,CASSLTTGRTNEKLFF,34.0,CASSLSSGVRNEKLFF
55,CASSLAPGPVNEKLFF,43.0,CASSLLAGPPNEKLFF,31.0,CASSLITGIRNEKLFF,36.0,CASSLILGRLNEKLFF,34.0,CASSLSAGLPNEKLFF,34.0,CASSLRRGGSNEKLFF
55,CASSLAPGGRNEKLFF,43.0,CASSLPRGTRNEKLFF,31.0,CASSLIAGGANEKLFF,36.0,CASSLMIGRGNEKLFF,34.0,CASSLSIGLPNEKLFF,33.0,CASSLRTGPGNEKLFF
55,CASSLAPGLANEKLFF,43.0,CASSLRAGLANEKLFF,31.0,CASSLTRGRSNEKLFF,36.0,CASSLILGRPNEKLFF,33.0,CASSLLAGSANEKLFF,33.0,CASSLRVGTRNEKLFF
55,CASSLGRGGTNEKLFF,43.0,CASSLVAGTINEKLFF,31.0,CASSLTAGAANEKLFF,36.0,CASSLTPGSTNEKLFF,33.0,CASSLLRGRGNEKLFF,33.0,CASSLRTGVSNEKLFF
55,CASSLMVGLRNEKLFF,43.0,CASSLTPGGSNEKLFF,31.0,CASSLTTGRINEKLFF,36.0,CASSLTRGRLNEKLFF,33.0,CASSLPAGPANEKLFF,33.0,CASSLRSGVRNEKLFF
55,CASSLTVGRGNEKLFF,43.0,CASSLTGGVTNEKLFF,31.0,CASSLSTGVGNEKLFF,36.0,CASSLTTGTPNEKLFF,33.0,CASSLPGGAINEKLFF,33.0,CASSLRTGSANEKLFF
55,CASSLTIGRRNEKLFF,43.0,CASSLRPGVDNEKLFF,31.0,CASSLRTGLRNEKLFF,36.0,CASSLTVGLRNEKLFF,33.0,CASSLPIGPGNEKLFF,33.0,CASSLRTGAVNEKLFF
55,CASSLTSGIANEKLFF,43.0,CASSLRAGILNEKLFF,30.0,CASSLPPGRANEKLFF,36.0,CASSLTVGVPNEKLFF,33.0,CASSLRAGLPNEKLFF,33.0,CASSLATGIINEKLFF
55,CASSLSVGGPNEKLFF,42.0,CASSLPLGRANEKLFF,30.0,CASSLPPGIPNEKLFF,36.0,CASSLTAGRRNEKLFF,33.0,CASSLVVGIGNEKLFF,33.0,CASSLASGTANEKLFF
54,CASSFPLGGGNEKLFF,42.0,CASSLPTGTGNEKLFF,30.0,CASSLPRGSANEKLFF,36.0,CASSLRPGVINEKLFF,33.0,CASSLAPGSQNEKLFF,33.0,CASSLGMGGRNEKLFF
54,CASSLLLGGINEKLFF,42.0,CASSLPPGRTNEKLFF,30.0,CASSLPIGRINEKLFF,35.0,CASSLLAGARNEKLFF,33.0,CASSLIPGRTNEKLFF,33.0,CASSLMGGITNEKLFF
54,CASSLRTGRRNEKLFF,42.0,CASSLPIGTPNEKLFF,30.0,CASSLVIGLRNEKLFF,35.0,CASSLPRGGGNEKLFF,33.0,CASSLTMGRRNEKLFF,33.0,CASSLTGGMSNEKLFF
54,CASSLTTGSSNEKLFF,42.0,CASSLAGGPTNEKLFF,30.0,CASSLVMGRGNEKLFF,35.0,CASSLPAGVLNEKLFF,33.0,CASSLTSGGRNEKLFF,33.0,CASSLTIGPTNEKLFF
54,CASSLTRGRSNEKLFF,42.0,CASSLGMGLTNEKLFF,30.0,CASSLARGIANEKLFF,35.0,CASSLVSGVRNEKLFF,33.0,CASSLRPGVRNEKLFF,33.0,CASSLTRGRVNEKLFF
54,CASSLTIGGPNEKLFF,42.0,CASSLDPGHENEKLFF,30.0,CASSLAAGSRNEKLFF,35.0,CASSLAGGRGNEKLFF,32.0,CASSLRRGLVNEKLFF,33.0,CASSLTPGTINEKLFF
54,CASSLSPGSTNEKLFF,42.0,CASSLMAGPRNEKLFF,30.0,CASSLGPGEGNEKLFF,35.0,CASSLGPGRLNEKLFF,32.0,CASSLRVGPINEKLFF,33.0,CASSLTAGVINEKLFF
54,CASSLRRGISNEKLFF,42.0,CASSLMTGGMNEKLFF,30.0,CASSLGAGRTNEKLFF,35.0,CASSLMTGRSNEKLFF,32.0,CASSLAPGPGNEKLFF,33.0,CASSLSVGIRNEKLFF
54,CASSLRRGSRNEKLFF,42.0,CASSLMRGPRNEKLFF,30.0,CASSLGPGRRNEKLFF,35.0,CASSLMRGTLNEKLFF,32.0,CASSLAIGGGNEKLFF,33.0,CASSLRPGRVNEKLFF
53,CASSLLAGTSNEKLFF,42.0,CASSLITGMINEKLFF,30.0,CASSLDPGPTNEKLFF,35.0,CASSLIGGITNEKLFF,32.0,CASSLALGGRNEKLFF,33.0,CASSLRAGSINEKLFF
53,CASSLPIGIRNEKLFF,42.0,CASSLTVGVVNEKLFF,30.0,CASSLMTGPGNEKLFF,35.0,CASSLTIGVPNEKLFF,32.0,CASSLGTGGINEKLFF,32.0,CASSFAPGNINEKLFF
53,CASSLVGGISNEKLFF,42.0,CASSLTRGSPNEKLFF,30.0,CASSLIIGIRNEKLFF,35.0,CASSLTIGATNEKLFF,32.0,CASSLEPGRLNEKLFF,32.0,CASSLLRGRANEKLFF
53,CASSLTIGAGNEKLFF,42.0,CASSLTPGVKNEKLFF,30.0,CASSLTRGSRNEKLFF,34.0,CASSLPPGLINEKLFF,32.0,CASSLIIGTMNEKLFF,32.0,CASSLPRGRGNEKLFF
53,CASSLSGGVSNEKLFF,42.0,CASSLTRGLPNEKLFF,30.0,CASSLTAGASNEKLFF,34.0,CASSLGTGVANEKLFF,32.0,CASSLTGGMPNEKLFF,32.0,CASSLPTGMRNEKLFF
52,CASSLLRGTRNEKLFF,42.0,CASSLTRGRGNEKLFF,30.0,CASSLTGGTPNEKLFF,34.0,CASSLDPGVVNEKLFF,32.0,CASSLTVGGINEKLFF,32.0,CASSLPTGPRNEKLFF
52,CASSLPVGVGNEKLFF,42.0,CASSLSRGRRNEKLFF,30.0,CASSLTTGLANEKLFF,34.0,CASSLIPGTRNEKLFF,32.0,CASSLSAGRLNEKLFF,32.0,CASSLPAGTANEKLFF
52,CASSLARGVINEKLFF,41.0,CASSLLMGRVNEKLFF,30.0,CASSLTTGTTNEKLFF,34.0,CASSLIIGGRNEKLFF,32.0,CASSLSTGATNEKLFF,32.0,CASSLRLGSRNEKLFF
52,CASSLTAGVRNEKLFF,41.0,CASSLLLGIRNEKLFF,30.0,CASSLSGGLPNEKLFF,34.0,CASSLTIGRGNEKLFF,32.0,CASSLKPGIRNEKLFF,32.0,CASSLRIGRPNEKLFF
52,CASSLTTGIPNEKLFF,41.0,CASSLPLGSINEKLFF,30.0,CASSLSSGPRNEKLFF,34.0,CASSLTLGRGNEKLFF,32.0,CASSMAPGTNNEKLFF,32.0,CASSLRRGTINEKLFF
52,CASSLTPGRLNEKLFF,41.0,CASSLPAGPTNEKLFF,30.0,CASSLRTGVRNEKLFF,34.0,CASSLTSGSTNEKLFF,31.0,CASSLPPGLTNEKLFF,32.0,CASSLRSGLMNEKLFF
52,CASSLTRGISNEKLFF,41.0,CASSLAPGATNEKLFF,29.0,CASSLLGGPRNEKLFF,34.0,CASSLTRGIMNEKLFF,31.0,CASSLPGGIGNEKLFF,32.0,CASSLVAGVGNEKLFF
52,CASSLRVGISNEKLFF,41.0,CASSLAIGVANEKLFF,29.0,CASSLLAGRANEKLFF,34.0,CASSLSIGVPNEKLFF,31.0,CASSLPAGTRNEKLFF,32.0,CASSLAIGRSNEKLFF
51,CASSLPAGTRNEKLFF,41.0,CASSLAPGKLNEKLFF,29.0,CASSLLRGPRNEKLFF,34.0,CASSLSIGVRNEKLFF,31.0,CASSLRVGRANEKLFF,32.0,CASSLGTGRPNEKLFF
51,CASSLPTGRLNEKLFF,41.0,CASSLEPGLVNEKLFF,29.0,CASSLLAGRINEKLFF,33.0,CASSLPRGTGNEKLFF,31.0,CASSLHPGPENEKLFF,32.0,CASSLGAGLRNEKLFF
51,CASSLGSGPRNEKLFF,41.0,CASSLITGGMNEKLFF,29.0,CASSLRRGVTNEKLFF,33.0,CASSLPPGVVNEKLFF,31.0,CASSLVRGRRNEKLFF,32.0,CASSLGRGISNEKLFF
51,CASSLTPGVANEKLFF,41.0,CASSLIIGMRNEKLFF,29.0,CASSLVTGIINEKLFF,33.0,CASSLPVGRTNEKLFF,31.0,CASSLVGGGINEKLFF,32.0,CASSLIAGSANEKLFF
51,CASSLTPGGLNEKLFF,41.0,CASSLTPGRVNEKLFF,29.0,CASSLVAGARNEKLFF,33.0,CASSLPIGLGNEKLFF,31.0,CASSLATGRINEKLFF,32.0,CASSLTRGIRNEKLFF
51,CASSLTIGVINEKLFF,41.0,CASSLTVGVANEKLFF,29.0,CASSLGRGTLNEKLFF,33.0,CASSLAAGTPNEKLFF,31.0,CASSLGRGPLNEKLFF,32.0,CASSLTSGSINEKLFF
51,CASSLRTGASNEKLFF,41.0,CASSLTMGIINEKLFF,29.0,CASSLIPGPINEKLFF,33.0,CASSLATGRGNEKLFF,31.0,CASSLTGGILNEKLFF,32.0,CASSLSSGTSNEKLFF
50,CASSFSRGRRNEKLFF,41.0,CASSLSLGSSNEKLFF,29.0,CASSLTAGRRNEKLFF,33.0,CASSLGGGLVNEKLFF,31.0,CASSLTRGTTNEKLFF,32.0,CASSLSSGRANEKLFF
50,CASSLPAGGLNEKLFF,41.0,CASSLRIGSTNEKLFF,29.0,CASSLSGGRINEKLFF,33.0,CASSLTAGVRNEKLFF,31.0,CASSLRAGSTNEKLFF,32.0,CASSLRAGGGNEKLFF
50,CASSLPVGIPNEKLFF,41.0,CASSLRVGPRNEKLFF,28.0,CASSLPGGVSNEKLFF,33.0,CASSLTRGPPNEKLFF,31.0,CASSLRSGRVNEKLFF,32.0,CASSLRGGRTNEKLFF
50,CASSLPGGLMNEKLFF,40.0,CASSLLRGLRNEKLFF,28.0,CASSLPTGRGNEKLFF,33.0,CASSLTRGIGNEKLFF,30.0,CASSLLTGTVNEKLFF,32.0,CASSLILGRLNEKLFF
50,CASSLRRGLLNEKLFF,40.0,CASSLPRGTGNEKLFF,28.0,CASSLASGRRNEKLFF,33.0,CASSLSPGSTNEKLFF,30.0,CASSLPAGRRNEKLFF,31.0,CASSLLRGMANEKLFF
50,CASSLVPGGANEKLFF,40.0,CASSLPAGGTNEKLFF,28.0,CASSLAPGPRNEKLFF,33.0,CASSLSPGILNEKLFF,30.0,CASSLPTGTRNEKLFF,31.0,CASSLLRGTRNEKLFF
50,CASSLGIGTPNEKLFF,40.0,CASSLRLGTRNEKLFF,28.0,CASSLMMGSMNEKLFF,32.0,CASSLLPGVSNEKLFF,30.0,CASSLPRGIINEKLFF,31.0,CASSLLRGTSNEKLFF
50,CASSLTGGPGNEKLFF,40.0,CASSLRPGVLNEKLFF,28.0,CASSLTPGVINEKLFF,32.0,CASSLPPGRGNEKLFF,30.0,CASSLRIGAGNEKLFF,31.0,CASSLLRGIPNEKLFF
50,CASSLRTGGRNEKLFF,40.0,CASSLRPGGINEKLFF,28.0,CASSLTTGRGNEKLFF,32.0,CASSLPRGVVNEKLFF,30.0,CASSLRTGSSNEKLFF,31.0,CASSLRRGVLNEKLFF
49,CASSLLPGIANEKLFF,40.0,CASSLRPGINNEKLFF,27.0,CASSLLRGLPNEKLFF,32.0,CASSLRIGRPNEKLFF,30.0,CASSLRRGTMNEKLFF,31.0,CASSLRTGRLNEKLFF
49,CASSLLTGSTNEKLFF,40.0,CASSLRVGVLNEKLFF,27.0,CASSLLRGPGNEKLFF,32.0,CASSLRAGAPNEKLFF,30.0,CASSLVLGPRNEKLFF,31.0,CASSLRPGKLNEKLFF
49,CASSLPIGATNEKLFF,40.0,CASSLVPGTGNEKLFF,27.0,CASSLPLGRRNEKLFF,32.0,CASSLRIGTRNEKLFF,30.0,CASSLVGGSGNEKLFF,31.0,CASSLRPGSTNEKLFF
49,CASSLPPGTSNEKLFF,40.0,CASSLVIGPSNEKLFF,27.0,CASSLRGGVTNEKLFF,32.0,CASSLRLGGRNEKLFF,30.0,CASSLVPGVTNEKLFF,31.0,CASSLALGTANEKLFF
49,CASSLRTGVGNEKLFF,40.0,CASSLVRGRRNEKLFF,27.0,CASSLGTGRGNEKLFF,32.0,CASSLARGMTNEKLFF,30.0,CASSLGTGRRNEKLFF,31.0,CASSLAPGRINEKLFF
49,CASSLRLGLSNEKLFF,40.0,CASSLAGGSGNEKLFF,27.0,CASSLGRGGGNEKLFF,32.0,CASSLGPGVRNEKLFF,30.0,CASSLGPGPPNEKLFF,31.0,CASSLARGVANEKLFF
49,CASSLAIGSRNEKLFF,40.0,CASSLAVGGTNEKLFF,27.0,CASSLITGGPNEKLFF,32.0,CASSLGRGGTNEKLFF,30.0,CASSLIRGPRNEKLFF,31.0,CASSLALGVSNEKLFF
49,CASSLTRGGTNEKLFF,40.0,CASSLGPGARNEKLFF,27.0,CASSLMAGPRNEKLFF,32.0,CASSLTMGRPNEKLFF,30.0,CASSLTIGLINEKLFF,31.0,CASSLARGPLNEKLFF
49,CASSLTLGLGNEKLFF,40.0,CASSLMGGTSNEKLFF,27.0,CASSLIGGIGNEKLFF,32.0,CASSLTVGRPNEKLFF,30.0,CASSLTAGVINEKLFF,31.0,CASSLAVGVVNEKLFF
48,CASSLPVGVTNEKLFF,40.0,CASSLTLGRPNEKLFF,27.0,CASSLTIGLMNEKLFF,32.0,CASSLSTGATNEKLFF,30.0,CASSLTGGAGNEKLFF,31.0,CASSLAAGGGNEKLFF
48,CASSLPTGRANEKLFF,40.0,CASSLTRGGVNEKLFF,27.0,CASSLSPGSTNEKLFF,32.0,CASSLSVGTRNEKLFF,30.0,CASSLTIGRGNEKLFF,31.0,CASSLIPGRINEKLFF
48,CASSLRGGRRNEKLFF,40.0,CASSLSRGLVNEKLFF,27.0,CASSLRSGARNEKLFF,32.0,CASSLSGGSPNEKLFF,30.0,CASSLTPGGRNEKLFF,31.0,CASSLTLGIRNEKLFF
48,CASSLRTGGTNEKLFF,40.0,CASSLRVGIRNEKLFF,26.0,CASSLPTGRRNEKLFF,32.0,CASSLRSGRRNEKLFF,30.0,CASSLTPGRLNEKLFF,31.0,CASSLTAGLRNEKLFF
48,CASSLIAGTINEKLFF,39.0,CASSLLRGTRNEKLFF,26.0,CASSLRGGILNEKLFF,31.0,CASSLLPGRSNEKLVF,30.0,CASSLTGGRGNEKLFF,31.0,CASSLTLGPSNEKLFF
48,CASSLTRGILNEKLFF,39.0,CASSLRVGSANEKLFF,26.0,CASSLRRGIRNEKLFF,31.0,CASSLRIGVGNEKLFF,30.0,CASSLSGGVRNEKLFF,31.0,CASSLTAGRVNEKLFF
48,CASSLTGGIGNEKLFF,39.0,CASSLRTGLLNEKLFF,26.0,CASSLATGRGNEKLFF,31.0,CASSLVAGSPNEKLFF,30.0,CASSLSSGASNEKLFF,31.0,CASSLTTGAGNEKLFF
48,CASSLTIGPPNEKLFF,39.0,CASSLRTGVTNEKLFF,26.0,CASSLAPGRTNEKLFF,31.0,CASSLTRGGRNEKLFF,30.0,CASSLRRGSSNEKLFF,31.0,CASSLSTGPPNEKLFF
48,CASSLRPGISNEKLFF,39.0,CASSLVGGIANEKLFF,26.0,CASSLGAGLGNEKLFF,31.0,CASSLTRGMGNEKLFF,30.0,CASSLRPGRTNEKLFF,31.0,CASSLSRGIRNEKLFF
48,CASSLRAGARNEKLFF,39.0,CASSLGRGIGNEKLFF,26.0,CASSLITGTANEKLFF,31.0,CASSLTPGISNEKLFF,30.0,CASSLRAGRSNEKLFF,31.0,CASSLSIGVRNEKLFF
47,CASSLLTGSVNEKLFF,39.0,CASSLGPGRHNEKLFF,26.0,CASSLILGIINEKLFF,31.0,CASSLTTGTTNEKLFF,29.0,CASSLLLGLRNEKLFF,31.0,CASSLRRGVPNEKLFF
47,CASSLLRGRPNEKLFF,39.0,CASSLIVGIRNEKLFF,26.0,CASSLTLGTRNEKLFF,31.0,CASSLTTGARNEKLFF,29.0,CASSLLAGTTNEKLFF,31.0,CASSLRAGSLNEKLFF
47,CASSLPPGIRNEKLFF,39.0,CASSLTTGILNEKLFF,26.0,CASSLTSGPANEKLFF,30.0,CASSLLVGPSNEKLFF,29.0,CASSLPLGRRNEKLFF,31.0,CASSLRIGTSNEKLFF
47,CASSLRRGGRNEKLFF,39.0,CASSLTPGTINEKLFF,26.0,CASSLTGGRVNEKLFF,30.0,CASSLPGGIRNEKLFF,29.0,CASSLRMGPRNEKLFF,30.0,CASSLLSGGANEKLFF
47,CASSLGPGLGNEKLFF,39.0,CASSLTLGLGNEKLFF,26.0,CASSLTGGVTNEKLFF,30.0,CASSLALGPRNEKLFF,29.0,CASSLVTGVVNEKLFF,30.0,CASSLLGGGGNEKLFF
47,CASSLMVGRRNEKLFF,39.0,CASSLRPGSRNEKLFF,26.0,CASSLSPGGDNEKLFF,30.0,CASSLARGPLNEKLFF,29.0,CASSLAPGGANEKLFF,30.0,CASSLPGGTSNEKLFF
47,CASSLTLGIRNEKLFF,38.0,CASSLLIGRRNEKLFF,26.0,CASSLSLGRTNEKLFF,30.0,CASSLAGGITNEKLFF,29.0,CASSLGPGISNEKLFF,30.0,CASSLPPGTDNEKLFF
47,CASSLTPGSGNEKLFF,38.0,CASSLPPGIENEKLFF,26.0,CASSLSSGVRNEKLFF,30.0,CASSLGGGLRNEKLFF,29.0,CASSLGGGRPNEKLFF,30.0,CASSLPVGLRNEKLFF
47,CASSLTGGRSNEKLFF,38.0,CASSLPLGSRNEKLFF,26.0,CASSLRPGISNEKLFF,30.0,CASSLILGLVNEKLFF,29.0,CASSLMIGRLNEKLFF,30.0,CASSLRVGLGNEKLFF
47,CARSLIRGPRNEKLFF,38.0,CASSLPRGTTNEKLFF,25.0,CASSLPPGAGNEKLFF,30.0,CASSLIPGGANEKLFF,29.0,CASSLILGSPNEKLFF,30.0,CASSLRGGLLNEKLFF
46,CASSLRRGLSNEKLFF,38.0,CASSLRPGRVNEKLFF,25.0,CASSLPLGMVNEKLFF,30.0,CASSLTRGGTNEKLFF,29.0,CASSLIRGIGNEKLFF,30.0,CASSLRTGRRNEKLFF
46,CASSLLIGAINEKLFF,38.0,CASSLRPGMPNEKLFF,25.0,CASSLITGTLNEKLFF,30.0,CASSLSAGVSNEKLFF,29.0,CASSLTLGPTNEKLFF,30.0,CASSLAIGRANEKLFF
46,CASSLLPGRTNEKLFF,38.0,CASSLRAGAVNEKLFF,25.0,CASSLIGGIINEKLFF,30.0,CASSLRVGGSNEKLFF,29.0,CASSLTGGPANEKLFF,30.0,CASSLAVGTRNEKLFF
46,CASSLLTGRPNEKLFF,38.0,CASSLALGGINEKLFF,25.0,CASSLTLGLRNEKLFF,30.0,CASSLRVGTRNEKLFF,29.0,CASSLTVGSINEKLFF,30.0,CASSLAGGTTNEKLFF
46,CASSLRIGRPNEKLFF,38.0,CASSLAVGSVNEKLFF,25.0,CASSLRIGIANEKLFF,29.0,CASSLPTGGRNEKLFF,29.0,CASSLSPGARNEKLFF,30.0,CASSLGPGIRNEKLFF
46,CASSLVSGLVNEKLFF,38.0,CASSLGSGPRNEKLFF,24.0,CASSLLRGRSNEKLFF,29.0,CASSLPAGRANEKLFF,29.0,CASSLRGGIPNEKLFF,30.0,CASSLIPGSANEKLFF
46,CASSLAGGLLNEKLFF,38.0,CASSLEPGIENEKLFF,24.0,CASSLPAGRPNEKLFF,29.0,CASSLRVGSANEKLFF,28.0,CASSLPAGTPNEKLFF,30.0,CASSLMLGIRNEKLFF
46,CASSLGAGRTNEKLFF,38.0,CASSLIMGPVNEKLFF,24.0,CASSLRIGRPNEKLFF,29.0,CASSLRPGLRNEKLFF,28.0,CASSLPPGTMNEKLFF,30.0,CASSLMAGPRNEKLFF
46,CASSLTAGARNEKLFF,38.0,CASSLTPGIGNEKLFF,24.0,CASSLRRGLPNEKLFF,29.0,CASSLALGSPNEKLFF,28.0,CASSLPRGIVNEKLFF,30.0,CASSLMGGLANEKLFF
46,CASSLTGGGINEKLFF,38.0,CASSLTPGITNEKLFF,24.0,CASSLGSGGANEKLFF,29.0,CASSLGRGVRNEKLFF,28.0,CASSLPVGLTNEKLFF,30.0,CASSLIRGIINEKLFF
46,CASSLTSGLVNEKLFF,38.0,CASSLTRGATNEKLFF,24.0,CASSLTRGPPNEKLFF,29.0,CASSLGPGIMNEKLFF,28.0,CASSLAGGGTNEKLFF,30.0,CASSLIMGVRNEKLFF
46,CASSLTRGGANEKLFF,38.0,CASSLTVGGINEKLFF,24.0,CASSLRLGVRNEKLFF,29.0,CASSLGIGMRNEKLFF,28.0,CASSLAGGVGNEKLFF,30.0,CASSLISGVLNEKLFF
46,CASSLRAGIVNEKLFF,38.0,CASSLTVGRGNEKLFF,24.0,CASSLKPGSKNEKLFF,29.0,CASSLEPGVDNEKLFF,28.0,CASSLATGITNEKLFF,30.0,CASSLTRGSANEKLFF
45,CASSLPTGIRNEKLFF,38.0,CASSLTGGPGNEKLFF,23.0,CASSLPTGLVNEKLFF,29.0,CASSLTPGISNEKLFF,28.0,CASSLARGVRNEKLFF,30.0,CASSLTRGSPNEKLFF
45,CASSLPVGRSNEKLFF,38.0,CASSLTTGSGNEKLFF,23.0,CASSLRPGAGNEKLFF,29.0,CASSLTGGSTNEKLFF,28.0,CASSLGRGLGNEKLFF,30.0,CASSLTSGARNEKLFF
45,CASSLPGGRANEKLFF,38.0,CASSLSLGILNEKLFF,23.0,CASSLAVGSRNEKLFF,29.0,CASSLTTGRINEKLFF,28.0,CASSLMPGTRNEKLFF,30.0,CASSLTGGGGNEKLFF
45,CASSLPGGTPNEKLFF,38.0,CASSLSPGAANEKLFF,23.0,CASSLTVGGANEKLFF,29.0,CASSLTPGRLNEKLFF,28.0,CASSLILGARNEKLFF,30.0,CASSLTLGIRNEKLFF
45,CASSLPTGRVNEKLFF,38.0,CASSLRPGETNEKLFF,23.0,CASSLTIGPSNEKLFF,29.0,CASSLTRGRLNEKLFF,28.0,CASSLIRGRRNEKLVF,30.0,CASSLTLGVRNEKLFF
45,CASSLRGGPLNEKLFF,37.0,CASSLLGGGRNEKLFF,23.0,CASSLTVGVINEKLFF,29.0,CASSLSVGTRNEKLFF,28.0,CASSLTPGTLNEKLFF,30.0,CASSLTAGGVNEKLFF
45,CASSLVPGRPNEKLFF,37.0,CASSLPVGRANEKLFF,23.0,CASSLTPGRRNEKLFF,29.0,CASSLRPGTLNEKLFF,28.0,CASSLTVGGGNEKLFF,30.0,CASSLTGGILNEKLFF
45,CASSLAGGSTNKKLFF,37.0,CASSLQPGRGNEKLFF,22.0,CASSLPRGTGNEKLFF,28.0,CASSLLAGVANEKLFF,28.0,CASSLTAGVRNEKLFF,30.0,CASSLSPGMENEKLFF
45,CASSLARGARNEKLFF,37.0,CASSLVPGNSNEKLFF,22.0,CASSLRTGGRNEKLFF,28.0,CASSLPTGSLNEKLFF,28.0,CASSLTTGLINEKLFF,30.0,CASSLSRGGINEKLFF
45,CASSLAPGILNEKLFF,37.0,CASSLVGGTTNEKLFF,22.0,CASSLAPGPLNEKLFF,28.0,CASSLRLGRTNEKLFF,28.0,CASSLTIGAPNEKLFF,30.0,CASSLRIGLRNEKLFF
45,CASSLAGGLMNEKLFF,37.0,CASSLVMGRGNEKLFF,22.0,CASSLMAGIMNEKLFF,28.0,CASSLRGGAANEKLFF,28.0,CASSLTTGGRNEKLFF,30.0,CASSLRIGPSNEKLFF
45,CASSLAMGGTNEKLFF,37.0,CASSLARGGRNEKLFF,22.0,CASSLIAGGRNEKLFF,28.0,CASSLRTGGTNEKLFF,28.0,CASSLTRGRLNEKLFF,30.0,CASSLRTGMLNEKLFF
45,CASSLGIGLTNEKLFF,37.0,CASSLAVGLRNEKLFF,22.0,CASSLTLGAANEKLFF,28.0,CASSLRTGGRNEKLFF,28.0,CASSLRRGRTNEKLFF,29.0,CASSLLRGRINEKLFF
45,CASSLTRGGVNEKLFF,37.0,CASSLATGIRNEKLFF,22.0,CASSLRRGVLNEKLFF,28.0,CASSLRTGVPNEKLFF,28.0,CASSLRRGISNEKLFF,29.0,CASSLLPGTHNEKLFF
45,CASSLTTGTANEKLFF,37.0,CASSLITGRGNEKLFF,22.0,CASSLRGGLANEKLFF,28.0,CASSLQPGQENEKLFF,27.0,CASSLLTGLPNEKLFF,29.0,CASSLPAGTRNEKLFF
45,CASSLSPGLPNEKLFF,37.0,CASSLIPGGKNEKLFF,21.0,CASSLLLGSMNEKLFF,28.0,CASSLVVGTPNEKLFF,27.0,CASSLLPGRVNEKLFF,29.0,CASSLPAGLRNEKLFF
44,CASSLPMSTRNEKLFF,37.0,CASSLIIGGRNEKLFF,21.0,CASSLIGGVPNEKLFF,28.0,CASSLARGGTNEKLFF,27.0,CASSLLIGGINEKLFF,29.0,CASSLPMGRRNEKLFF
44,CASSLRAGIRNEKLFF,37.0,CASSLTRGAPNEKLFF,21.0,CASSLTIGIRNEKLFF,28.0,CASSLARGAINEKLFF,27.0,CASSLRTGVPNEKLFF,29.0,CASSLPIGIRNEKLFF
44,CASSLVTGRINEKLFF,37.0,CASSLRGGTRNEKLFF,21.0,CASSLTTGIPNEKLFF,28.0,CASSLGGGPVNEKLFF,27.0,CASSLVPGSVNEKLFF,29.0,CASSLRRGVTNEKLFF
44,CASSLIGGASNEKLFF,37.0,CASSLNPGRINEKLFF,21.0,CASSLSSGVINEKLFF,28.0,CASSLTIGRRNEKLFF,27.0,CASSLVVGGINEKLFF,29.0,CASSLRTGLRNEKLFF
44,CASSLMTGGMNEKLFF,37.0,CASSLNPGSRNEKLFF,20.0,CASSLPRGPTNEKLFF,28.0,CASSLTRGIMNEKLFF,27.0,CASSLAGGLGNEKLFF,29.0,CASSLRAGGVNEKLFF
44,CASSLTGGIVNEKLFF,36.0,CASSLPPGRPNEKLFF,20.0,CASSLTPGQVNEKLFF,28.0,CASSLSLGSRNEKLFF,27.0,CASSLTVGARNEKLFF,29.0,CASSLRRGLSNEKLFF
44,CASSLTTGTGNEKLFF,36.0,CASSLPTGVRNEKLFF,20.0,CASSLTLGRINEKLFF,28.0,CASSLSVGRSNEKLFF,27.0,CASSLTRGILNEKLFF,29.0,CASSLRTGRPNEKLFF
44,CASSLTPGLRNEKLFF,36.0,CASSLRGGGGNEKLFF,20.0,CASSLTIGGRNEKLFF,28.0,CASSLSSGSRNEKLFF,27.0,CASSLTGGGINEKLFF,29.0,CASSLRTGVTNEKLFF
44,CASSLSPGILNEKLFF,36.0,CASSLRRGPRNEKLFF,20.0,CASSLSGGRINEKLFF,28.0,CASSLRMGAPNEKLFF,27.0,CASSLTGGTGNEKLFF,29.0,CASSLRSGTGNEKLFF
44,CASSLSAGGRNEKLFF,36.0,CASSLVTGRSNEKLFF,19.0,CASSLPLGPSNEKLFF,28.0,CASSLRTGPTNEKLFF,27.0,CASSLTTGLTNEKLFF,29.0,CASSLVVGLPNEKLFF
44,CASSLSRGGVNEKLFF,36.0,CASSLARGIMNEKLFF,19.0,CASSLGIGTRNEKLFF,27.0,CASSLLRGITNEKLFF,27.0,CASSLRRGRRNEKLFF,29.0,CASSLVAGVRNEKLFF
44,CASSLRVGTSNEKLFF,36.0,CASSLGRGIGNEKLFF,19.0,CASSLIPGARNEKLFF,27.0,CASSLPTGIRNEKLFF,27.0,CASSLRLGGLNEKLFF,29.0,CASSLVAGARNEKLFF
44,CASSLRVGTRNEKLFF,36.0,CASSLGLGRPNEKLFF,19.0,CASSLTLGLTNEKLFF,27.0,CASSLPPGPVNEKLFF,27.0,CASSLRPGRMNEKLFF,29.0,CASSLAGGLRNEKLFF
44,CASSLILGRLNEKLFF,36.0,CASSLGPGGVNEKLFF,19.0,CASSLRGGSTNEKLFF,27.0,CASSLPPGVRNEKLFF,27.0,CASSLRVGVTNEKLFF,29.0,CASSLIAGMRNEKLFF
43,CASSLLPGRVNEKLFF,36.0,CASSLTTGTRNEKLFF,18.0,CASSLPRGRTNEKLFF,27.0,CASSLRMGPRNEKLFF,26.0,CASSLGPGSGNEKLFF,29.0,CASSLTLGSPNEKLFF
43,CASSLPTGLRNEKLFF,36.0,CASSLTRGTINEKLFF,18.0,CASSLPTGAGNEKLFF,27.0,CASSLAPGAGNEKLFF,26.0,CASSLITGIGNEKLFF,29.0,CASSLTRGRANEKLFF
43,CASSLPGGRSNEKLFF,36.0,CASSLSPGRRNEKLFF,18.0,CASSLGPGITNEKLFF,27.0,CASSLMRGMANEKLFF,26.0,CASSLTPGRSNEKLFF,29.0,CASSLTLGRPNEKLFF
43,CASSLRTGIANEKLFF,36.0,CASSLSGGATNEKLFF,18.0,CASSLSPGSTNEKLFF,27.0,CASSLTPGMINEKLFF,26.0,CASSLTAGTRNEKLFF,29.0,CASSLTGGRRNEKLFF
43,CASSLALGISNEKLFF,36.0,CASSLRVGLSNEKLFF,17.0,CASSLLTGSINEKLFF,27.0,CASSLTSGTMNEKLFF,26.0,CASSLTTGIPNEKLFF,29.0,CASSLTPGLLNEKLFF
43,CASSLALGRSNEKLFF,35.0,CASSLPAGISNEKLFF,17.0,CASSLPSGILNEKLFF,27.0,CASSLRAGITNEKLFF,26.0,CASSLSGGRPNEKLFF,29.0,CASSLTPGTMNEKLFF
43,CASSLTAGRPNEKLFF,35.0,CASSLRTGVINEKLFF,17.0,CASSLVPGLRNEKLFF,27.0,CASSLRMGRRNEKLFF,25.0,CASSLLPGTSNEKLFF,29.0,CASSLSRGIVNEKLFF
43,CASSLTGGGGNEKLFF,35.0,CASSLRTGVANEKLFF,17.0,CASSLGIGVRNEKLFF,26.0,CASSFAPGADNEKLFF,25.0,CASSLLTGRLNEKLFF,29.0,CASSLSLGSLNEKLFF
43,CASSLTAGRRNEKLFF,35.0,CASSLHPGATNEKLFF,17.0,CASSLMAGTTNEKLFF,26.0,CASSLLRGRGNEKLFF,25.0,CASSLRTGPLNEKLFF,29.0,CASSLRIGLRNEKLFF
43,CASSLSPGVPNEKLFF,35.0,CASSLAPGGDNEKLFF,17.0,CASSLRPGGRNEKLFF,26.0,CASSLLAGRANEKLFF,25.0,CASSLAPGGRNEKLFF,29.0,CASSLRTGGGNEKLFF
42,CASSFRIGIPNEKLFF,35.0,CASSLAGGRSNEKLFF,16.0,CASSLLTGSVNEKLFF,26.0,CASSLPTGRINEKLFF,25.0,CASSLAGGTTNEKLFF,29.0,CASSLRRGTPNEKLFF
42,CASSLPGGIINEKLFF,35.0,CASSLAPGIRNEKLFF,16.0,CASSLGGGSINEKLFF,26.0,CASSLPPGITNEKLFF,25.0,CASSLAGGSANEKLFF,29.0,CASSLNPGPINEKLFF
42,CASSLPRGPANEKLFF,35.0,CASSLGLGGGNEKLFF,15.0,CASSLLPGSPNEKLFF,26.0,CASSLPGGTGNEKLFF,25.0,CASSLMPGDRNEKLFF,29.0,CASSLKPGMGNEKLFF
42,CASSLPTGTRNEKLFF,35.0,CASSLIPGRINEKLFF,15.0,CASSLTSGTGNEKLFF,26.0,CASSLRAGLRNEKLFF,25.0,CASSLIAGSVNEKLFF,28.0,CASSLLRGLTNEKLFF
42,CASSLPVGPRNEKLFF,35.0,CASSLIGGLTNEKLFF,14.0,CASSLRAGIPNEKLFF,26.0,CASSLRVGTTNEKLFF,25.0,CASSLISGVRNEKLFF,28.0,CASSLLVGRSNEKLFF
42,CASSLAVGGPNEKLFF,35.0,CASSLTAGSPNEKLFF,14.0,CASSLHPGEGNEKLFF,26.0,CASSLRTGSRNEKLFF,25.0,CASSLTAGRRNEKLFF,28.0,CASSLLVGIANEKLFF
42,CASSLALGPTNEKLFF,35.0,CASSLTGGARNEKLFF,14.0,CASSLAGGIVNEKLFF,26.0,CASSLRAGRANEKLFF,25.0,CASSLTGGGPNEKLFF,28.0,CASSLLVGTINEKLFF
42,CASSLATGIINEKLFF,35.0,CASSLTMGGTNEKLFF,14.0,CASSLTPGTINEKLFF,26.0,CASSLVPGASNEKLFF,25.0,CASSLTGGRRNEKLFF,28.0,CASSLPRGGINEKLFF
42,CASSLGVGLGNEKLFF,35.0,CASSLTRGLVNEKLFF,14.0,CASSLRRGSSNEKLFF,26.0,CASSLVRGISNEKLFF,25.0,CASSLTRGPTNEKLFF,28.0,CASSLPPGGANEKLFF
42,CASSLGPGIRNEKLFF,35.0,CASSLRTGTRNEKLFF,13.0,CASSLPIGRSNEKLFF,26.0,CASSLASGLGNEKLFF,25.0,CASSLTVGTSNEKLFF,28.0,CASSLRRGSANEKLFF
42,CASSLGAGRANEKLFF,35.0,CASSLRLGGPNEKLFF,13.0,CASSLRAGGGNEKLFF,26.0,CASSLAAGVLNEKLFF,25.0,CASSLSVGMVNEKLFF,28.0,CASSLRTGTANEKLFF
42,CASSLITGTLNEKLFF,34.0,CASSLLMGVGNEKLFF,13.0,CASSLSPGRRNEKLFF,26.0,CASSLITGIGNEKLFF,25.0,CASSLRRGALNEKLFF,28.0,CASSLRGGITNEKLFF
42,CASSLTTGPTNEKLFF,34.0,CASSLPRGRANEKLFF,13.0,CASSLRPGVMNEKLFF,26.0,CASSLITGSTNEKLFF,24.0,CASSLLVGRINEKLFF,28.0,CASSLRRGAGNEKLFF
42,CASSLTLGSRNEKLFF,34.0,CASSLPRGTLNEKLFF,12.0,CASSLTLGPRNEKLFF,26.0,CASSLMPGPGNEKLFF,24.0,CASSLLGGVRNEKLFF,28.0,CASSLVGGGTNEKLFF
42,CASSLTVGVINEKLFF,34.0,CASSLRTGAGNEKLFF,9.0,CASSLGTGGINEKLFF,26.0,CASSLSPGIMNEKLFF,24.0,CASSLRGGSRNEKLFF,28.0,CASSLAGGRPNEKLFF
42,CASSLTTGRGNEKLFF,34.0,CASSLVRGTANEKLFF,8.0,CASSLGRGIRNEKLFF,26.0,CASSLSSGAPNEKLFF,24.0,CASSLRAGSPNEKLFF,28.0,CASSLATGGRNEKLFF
42,CASSLTTGIVNEKLFF,34.0,CASSLAPGSTNEKLFF,8.0,CASSLRGGLSNEKLFF,26.0,CASSLRGGVRNEKLFF,24.0,CASSLRIGPSNEKLFF,28.0,CASSLARGTGNEKLFF
42,CASSLSGGATNEKLFF,34.0,CASSLARGRVNEKLFF,6.0,CASSLAPGATNEKLFF,25.0,CASSLPGGGVNEKLFF,24.0,CASSLGTGGGNEKLFF,28.0,CASSLGPGSRNEKLFF
42,CASSLSGGLRNEKLFF,34.0,CASSLATGGINEKLFF,5.0,CASSLTGGARNEKLFF,25.0,CASSLVPGAGNEKLFF,24.0,CASSLTPGLSNEKLFF,28.0,CASSLGTGRINEKLFF
42,CASSLRAGVANEKLFF,34.0,CASSLGPGVNNEKLFF,4.0,CASSLHPGDINEKLFF,25.0,CASSLVGGRGNEKLFF,24.0,CASSLTMGRLNEKLFF,28.0,CASSLMGGTSNEKLFF
41,CASSLLRGRRNEKLFF,34.0,CASSLGRGLVNEKLFF,4.0,CASSLAPGATNEKLFF,25.0,CASSLGTGPGNEKLFF,24.0,CASSLSTGIVNEKLFF,28.0,CASSLIRGRTNEKLFF
41,CASSLLAGPGNEKLFF,34.0,CASSLEPGLANEKLFF,4.0,CASSLAPGATNEKLFF,25.0,CASSLGPGPPNEKLFF,24.0,CASSLSSGPRNEKLFF,28.0,CASSLIVGMRNEKLFF
41,CASSLPRGPVNEKLFF,34.0,CASSLIVGPRNEKLFF,4.0,CASSLAPGKRNEKLFF,25.0,CASSLIRGLRNEKLFF,24.0,CASSLRTGATNEKLFF,28.0,CASSLTSGGRNEKLFF
41,CASSLPVGTGNEKLFF,34.0,CASSLTTGVANEKLFF,4.0,CASSLTAGVPNEKLFF,25.0,CASSLTMGLGNEKLFF,23.0,CASSLRVGLGNEKLFF,28.0,CASSLTAGPPNEKLFF
41,CASSLRIGLRNEKLFF,34.0,CASSLSSGVRNEKLFF,3.0,CASSLRRGAVNEKLFF,25.0,CASSLTTGIINEKLFF,23.0,CASSLRAGRANEKLFF,28.0,CASSLSRGGANEKLFF
41,CASSLAVGLTNEKLFF,34.0,CASSLKPGKGNEKLFF,3.0,CASSLRSGTGNEKLFF,25.0,CASSLRTGGTNEKLFF,23.0,CASSLAMGGTNEKLFF,28.0,CASSLRAGLPNEKLFF
41,CASSLAIGLRNEKLFF,33.0,CASSLLRGRTNEKLFF,3.0,CASSLHPGRSNEKLFF,24.0,CASSLLPGTSNEKLFF,23.0,CASSLGVGTTNEKLFF,28.0,CASSLRLGAANEKLFF
41,CASSLGAGVRNEKLFF,33.0,CASSLLRGLMNEKLFF,3.0,CASSLQPGIPNEKLFF,24.0,CASSLPPGPGNEKLFF,23.0,CASSLGAGRTNEKLFF,28.0,CASSLRRGLTNEKLFF
41,CASSLGGGAANEKLFF,33.0,CASSLLVGRINEKLFF,3.0,CASSLARGVVNEKLFF,24.0,CASSLRPGGHNEKLFF,23.0,CASSLIVGRSNEKLFF,28.0,CASSLRTGRMNEKLFF
41,CASSLIRGPGNEKLFF,33.0,CASSLPRGLRNEKLFF,3.0,CASSLGRGGINEKLFF,24.0,CASSLVLGIANEKLFF,23.0,CASSLMTGRSNEKLFF,28.0,CASSLRTGLPNEKLFF
41,CASSLIAGLSNEKLFF,33.0,CASSLPAGIINEKLFF,3.0,CASSLGPGSANEKLFF,24.0,CASSLVRGRGNEKLFF,23.0,CASSLSVGLINEKLFF,27.0,CASSLLGGGRNEKLFF
41,CASSLISGIANEKLFF,33.0,CASSLPVGSINEKLFF,3.0,CASSLTPGVQNEKLFF,24.0,CASSLAPGAHNEKLFF,23.0,CASSLRAGRINEKLFF,27.0,CASSLPRGAINEKLFF
41,CASSLTPGGRNEKLFF,33.0,CASSLVGGIGNEKLFF,3.0,CASSLTPGTGNEKLFF,24.0,CASSLARGPPNEKLFF,23.0,CASRLSSGLRNEKLFF,27.0,CASSLPPGPVNEKLFF
41,CASSLTTGGANEKLFF,33.0,CASSLATGTPNEKLFF,3.0,CASSLRPGSANEKLFF,24.0,CASSLATGGRNEKLFF,22.0,CASSLLPGMRNEKLFF,27.0,CASSLPRGVSNEKLFF
41,CASSLTAGIPNEKLFF,33.0,CASSLIIGIANEKLFF,2.0,CASSLLPGGANEKLFF,24.0,CASSLARGTSNEKLFF,22.0,CASSLLVGPGNEKLFF,27.0,CASSLPTGRGNEKLFF
41,CASSLTGGAMNEKLFF,33.0,CASSLMMGPRNEKLFF,2.0,CASSLLPGTSNEKLFF,24.0,CASSLAIGLRNEKLFF,22.0,CASSLPPGGVNEKLFF,27.0,CASSLRRGIGNEKLFF
41,CASSLSMGSRNEKLFF,33.0,CASSLMRGMANEKLFF,2.0,CASSLLPGSHNEKLFF,24.0,CASSLGRGRVNEKLFF,22.0,CASSLGLGGINEKLFF,27.0,CASSLGIGRGNEKLFF
41,CASSLSTGVGNEKLFF,33.0,CASSLIAGGVNEKLFF,2.0,CASSLLAGRVNEKLFF,24.0,CASSLGAGRGNEKLFF,22.0,CASSLIAGTRNEKLFF,27.0,CASSLIRGTMNEKLFF
41,CASSLSIGRGNEKLFF,33.0,CASSLTTGPANEKLFF,2.0,CASSLLAGGANEKLFF,24.0,CASSLIGGIVNEKLFF,22.0,CASSLIAGRANEKLFF,27.0,CASSLMVGVRNEKLFF
41,CASSLRPGRANEKLFF,33.0,CASSLSPGGPNEKLFF,2.0,CASSLLPGPTNEKLFF,24.0,CASSLILGMINEKLFF,22.0,CASSLITGGANEKLFF,27.0,CASSLIRGRINEKLFF
41,CASSLRIGTGNEKLFF,33.0,CASSLRPGRTNEKLFF,2.0,CASSLLPGTPNEKLFF,24.0,CASSLTAGTTNEKLFF,22.0,CASSLSLGGANEKLFF,27.0,CASSLTTGGLNEKLFF
41,CASSLRGGTVNEKLFF,33.0,CASSLRTGLANEKLFF,2.0,CASSLLPGTRNEKLFF,24.0,CASSLTVGVINEKLFF,22.0,CASSLSLGLRNEKLFF,27.0,CASSLTTGRANEKLFF
40,CASSLLPGGPNEKLFF,33.0,CASSLNPGATNEKLFF,2.0,CASSLPRGGANEKLFF,24.0,CASSLTLGLGNEKLFF,22.0,CASSLSGGGRNEKLFF,27.0,CASSLTAGPRNEKLFF
40,CASSLLSGSANEKLFF,32.0,CASSLITGLRNEKLFF,2.0,CASSLPAGSPNEKLFF,24.0,CASSLTLGRLNEKLFF,22.0,CASSLSAGIPNEKLFF,27.0,CASSLTSGVSNEKLFF
40,CASSLPIGMLNEKLFF,32.0,CASSLLIGTLNEKLFF,2.0,CASSLPRGTANEKLFF,24.0,CASSLTVGGINEKLFF,22.0,CASSLSSGRANEKLFF,27.0,CASSLSPGLKNEKLFF
40,CASSLPAGSPNEKLFF,32.0,CASSLPRGIGNEKLFF,2.0,CASSLPPGHENEKLFF,24.0,CASSLTIGLMNEKLFF,22.0,CASSLRGGTTNEKLFF,27.0,CASSLSVGLRNEKLFF
40,CASSLPRGSRNEKLFF,32.0,CASSLPMGRSNEKLFF,2.0,CASSLRPGMSNEKLFF,24.0,CASSLRGGSANEKLFF,21.0,CASSLPVGRANEKLFF,27.0,CASSLSGGATNEKLFF
40,CASSLRTGRVNEKLFF,32.0,CASSLHPGRRNEKLFF,2.0,CASSLRGGRINEKLFF,24.0,CASSLRIGGPNEKLFF,21.0,CASSLPGGGSNEKLFF,27.0,CASSLRTGSTNEKLFF
40,CASSLRPGLVNEKLFF,32.0,CASSLALGSMNEKLFF,2.0,CASSLRRGTLNEKLFF,24.0,CASSLRVGPTNEKLFF,21.0,CASSLPSGTINEKLFF,27.0,CASSLRRGAANEKLFF
40,CASSLRSGRRNEKLFF,32.0,CASSLAIGILNEKLFF,2.0,CASSLRAGSPNEKLFF,24.0,CASSLRVGTTNEKLFF,21.0,CASSLRPGIINEKLFF,27.0,CASSLRSGRTNEKLFF
40,CASSLRRGIVNEKLFF,32.0,CASSLARGLTNEKLFF,2.0,CASSLRTGGTNEKLFF,24.0,CASSLRTGGTNEKLFF,21.0,CASSLVAGAGNEKLFF,26.0,CASSLLRGRANEKLFF
40,CASSLRGGGANEKLFF,32.0,CASSLGGGAINEKLFF,2.0,CASSLRPGVKNEKLFF,23.0,CASSLLTGGRNEKLFF,21.0,CASSLAPGVRNEKLFF,26.0,CASSLLRGLMNEKLFF
40,CASSLVSGVGNEKLFF,32.0,CASSLDPGQMNEKLFF,2.0,CASSLRVGRPNEKLFF,23.0,CASSLLGGGRNEKLFF,21.0,CASSLATGRGNEKLFF,26.0,CASSLLTGTVNEKLFF
40,CASSLVIGTSNEKLFF,32.0,CASSLIMGPGNEKLFF,2.0,CASSLRAGRLNENLFF,23.0,CASSLLAGPGNEKLFF,21.0,CASSLTTGVTNEKLFF,26.0,CASSLLGGRVNEKLFF
40,CASSLVVGVSNEKLFF,32.0,CASSLIVGTTNEKLFF,2.0,CASSLHPGKRNEKLFF,23.0,CASSLPMGIRNEKLFF,21.0,CASSLSPGRTNEKLFF,26.0,CASSLPPGSSNEKLFF
40,CASSLAVGRSNEKLFF,32.0,CASSLMLGLRNEKLFF,2.0,CASSLQPGIRNEKLFF,23.0,CASSLPPGLRNEKLFF,20.0,CASSLLTGVVNEKLFF,26.0,CASSLPPGRRNEKLFF
40,CASSLGAGRSNEKLFF,32.0,CASSLTLGPVNEKLFF,2.0,CASSLQPGLVNEKLFF,23.0,CASSLPTGAGNEKLFF,20.0,CASSLRVGMLNEKLFF,26.0,CASSLPVGVTNEKLFF
40,CASSLMTGLPNEKLFF,32.0,CASSLTIGIGNEKLFF,2.0,CASSLQPGVKNEKLFF,23.0,CASSLRPGATNEKLFF,20.0,CASSLAAGISNEKLFF,26.0,CASSLPIGVLNEKLFF
40,CASSLTIGPVNEKLFF,32.0,CASSLTMGMTNEKLFF,2.0,CASSLQPGVNNEKLFF,23.0,CASSLRRGRGNEKLFF,20.0,CASSLGIGTPNEKLFF,26.0,CASSLPPGRANEKLFF
40,CASSLTRGPGNEKLFF,32.0,CASSLTLGRRNEKLFF,2.0,CASSLQPGTHNEKLFF,23.0,CASSLRPGIANEKLFF,20.0,CASSLMGGITNEKLFF,26.0,CASSLPPGDKNEKLFF
40,CASSLTIGIGNEKLFF,32.0,CASSLTGGAMNEKLFF,2.0,CASSLVPGVVNEKLFF,23.0,CASSLVRGRTNEKLFF,20.0,CASSLTPGRTNEKLFF,26.0,CASSLPPGGGNEKLFF
40,CASSLTRGIANEKLFF,32.0,CASSLTTGTTNEKLFF,2.0,CASSLVPGAPNEKLFF,23.0,CASSLVVGLVNEKLFF,19.0,CASSLLGGVANEKLFF,26.0,CASSLPAGVTNEKLFF
40,CASSLTLGVRNEKLFF,32.0,CASSLSPGPSNEKLFF,2.0,CASSLVPGGRNEKLFF,23.0,CASSLVVGRRNEKLFF,19.0,CASSLVIGRVNEKLFF,26.0,CASSLRSGRGNEKLFF
40,CASSLTRGSLNEKLFF,31.0,CASSLLRGRRNEKLFF,2.0,CASSLVPGIDNEKLFF,23.0,CASSLARGVSNEKLFF,19.0,CASSLIAGRGNEKLFF,26.0,CASSLRRGVGNEKLFF
40,CASSLTIGAPNEKLFF,31.0,CASSLLIGVPNEKLFF,2.0,CASSLVPGISNEKLFF,23.0,CASSLAPGRLNEKLFF,19.0,CASSLSPGGRNEKLFF,26.0,CASSLRVGGTNEKLFF
40,CASSLRAGSANEKLFF,31.0,CASSLPRGSVNEKLFF,2.0,CASSLVAGAANEKLFF,23.0,CASSLAPGMRNEKLFF,18.0,CASSLPGGRTNEKLFF,26.0,CASSLRTGTTNEKLFF
39,CASSFRIGSMNEKLFF,31.0,CASSLPVGTANEKLFF,2.0,CASSLVGGGGNEKLFF,23.0,CASSLATGRVNEKLFF,18.0,CASSLPIGRRNEKLFF,26.0,CASSLRSGIVNEKLFF
39,CASSLPPGVRNEKLFF,31.0,CASSLPRGGGNEKLFF,2.0,CASSLAPGTDNEKLFF,23.0,CASSLIGGRPNEKLFF,18.0,CASSLPVGVSNEKLFF,26.0,CASSLVPGGRNEKLFF
39,CASSLPRGRMNEKLFF,31.0,CASSLRPGGGNEKLFF,2.0,CASSLARGLANEKLFF,23.0,CASSLMPGTLNEKLFF,18.0,CASSLVRGTANEKLFF,26.0,CASSLVSGSINEKLFF
39,CASSLPRGMRNEKLFF,31.0,CASSLRRGRGNEKLFF,2.0,CASSLAPGPLNEKLFF,23.0,CASSLIIGARNEKLFF,18.0,CASSLGGGLRNEKLFF,26.0,CASSLARGLANEKLFF
39,CASSLRIGRTNEKLFF,31.0,CASSLRVGLSNEKLFF,2.0,CASSLARGALNEKLFF,23.0,CASSLTRGIGNEKLFF,18.0,CASSLSRGSRNEKLFF,26.0,CASSLATGIRNEKLFF
39,CASSLRLGGRNEKLFF,31.0,CASSLRTGLRNEKLFF,2.0,CASSLGTGRRNEKLFF,23.0,CASSLTGGLRNEKLFF,17.0,CASSLLIGRSNEKLFF,26.0,CASSLASGRRNEKLFF
39,CASSLVAGIRNEKLFF,31.0,CASSLRIGALNEKLFF,2.0,CASSLGPGRENEKLFF,23.0,CASSLTRGGRNEKLFF,17.0,CASSLRMGLPNEKLFF,26.0,CASSLAMGSINEKLFF
39,CASSLARGLPNEKLFF,31.0,CASSLRMGIGNEKLFF,2.0,CASSLDPGNANEKLFF,23.0,CASSLTGGILNEKLFF,17.0,CASSLTLGIRNEKLFF,26.0,CASSLASGRTNEKLFF
39,CASSLAIGSTNEKLFF,31.0,CASSLRTGGANEKLFF,2.0,CASSLDPGVANEKLFF,23.0,CASSLTIGTLNEKLFF,16.0,CASSLAAGGLNEKLFF,26.0,CASSLGPGLTNEKLFF
39,CASSLATGGSNEKLFF,31.0,CASSLVSGVRNEKLFF,2.0,CASSLEPGRENEKLFF,23.0,CASSLTGGIGNEKLFF,16.0,CASSLSTGPPNEKLFF,26.0,CASSLGAGAINEKLFF
39,CASSLGRGLPNEKLFF,31.0,CASSLAAGLPNEKLFF,2.0,CASSLEPGKTNEKLFF,23.0,CASSLTTGPPNEKLFF,16.0,CASSLSGGVPNEKLFF,26.0,CASSLGRGLVNEKLFF
39,CASSLMPGTRNEKLFF,31.0,CASSLGLGSPNEKLFF,2.0,CASSLIVGPSNEKLFF,23.0,CASSLTTGGGNEKLFF,16.0,CASSLRVGIRNEKLFF,26.0,CASSLGPGVGNEKLFF
39,CASSLMTGLTNEKLFF,31.0,CASSLIIGRSNEKLFF,2.0,CASSLIIGIRNEKLFF,23.0,CASSLSRGPINEKLFF,16.0,CASSLRVGRTNEKLFF,26.0,CASSLGAGVPNEKLFF
39,CASSLIMGVRNEKLFF,31.0,CASSLIPGTKNEKLFF,2.0,CASSLISGGINEKLFF,23.0,CASSLRPGVANEKLFF,15.0,CASSLRAGRGNEKLFF,26.0,CASSLGGGLVNEKLFF
39,CASSLIRGTINEKLFF,31.0,CASSLIPGNTNEKLFF,2.0,CASSLMRGMLNEKLFF,23.0,CASSLRIGLANEKLFF,13.0,CASSLPSGTPNEKLFF,26.0,CASSLGTGMMNEKLFF
39,CASSLTPGSTNEKLFF,31.0,CASSLTTGIPNEKLFF,2.0,CASSLILGARNEKLFF,23.0,CASSLRTGRVNEKLFF,13.0,CASSLRTGPRNEKLFF,26.0,CASSLIGGGSNEKLFF
39,CASSLTLGPANEKLFF,31.0,CASSLTRGRPNEKLFF,2.0,CASSLIPGTKNEKLFF,22.0,CASSLLGGVGNEKLFF,13.0,CASSLHPGTINEKLFF,26.0,CASSLMPGARNEKLFF
39,CASSLSLGSSNEKLFF,30.0,CASSLPRGTANEKLFF,2.0,CASSLTWGGINEKLFF,22.0,CASSLPIGASNEKLFF,13.0,CASSLRRGRTNEKLFF,26.0,CASSLTIGGRNEKLFF
39,CASSLRRGSLNEKLFF,30.0,CASSLPTGMTNEKLFF,2.0,CASSLTPGRGNEKLFF,22.0,CASSLRMGPTNEKLFF,12.0,CASSLLPGGANEKLFF,26.0,CASSLTVGPGNEKLFF
39,CASSLRIGSRNEKLFF,30.0,CASSLRMGMRNEKLFF,2.0,CASSLTRGVPNEKLFF,22.0,CASSLRRGAINEKLFF,12.0,CASSLRTGVINEKLFF,26.0,CASSLRPGLSNEKLFF
38,CASSLLIGLLNEKLFF,30.0,CASSLRMGRANEKLFF,2.0,CASSLTGGVANEKLFF,22.0,CASSLRVGMTNEKLFF,12.0,CASSLTAGMGNEKLFF,26.0,CASSLRAGRGNEKLFF
38,CASSLPRGTINEKLFF,30.0,CASSLAPGSGNEKLFF,2.0,CASSLTIGGANEKLFF,22.0,CASSLRAGIGNEKLFF,11.0,CASSLAPGSTNEKLFF,26.0,CASSLRPGIRNEKLFF
38,CASSLPPGITNEKLFF,30.0,CASSLMMGVANEKLFF,2.0,CASSLTLGLANEKLFF,22.0,CASSLQPGPLNEKLFF,11.0,CASSLTTGGLNEKLFF,25.0,CASSLLVGRPNEKLFF
38,CASSLPMGRVNEKLFF,30.0,CASSLTSGGLNEKLFF,2.0,CASSLTVGRGNEKLFF,22.0,CASSLVTGGANEKLFF,10.0,CASSLILGRLNEKLFF,25.0,CASSLLIGTGNEKLFF
38,CASSLPRGMGNEKLFF,30.0,CASSLTTGMINEKLFF,2.0,CASSLTRGATNEKLFF,22.0,CASSLVAGRGNEKLFF,10.0,CASSLSLGPGNEKLFF,25.0,CASSLPLGGLNEKLFF
38,CASSLRVGARNEKLFF,30.0,CASSLTTGRRNEKLFF,2.0,CASSLTRGAGNEKLFF,22.0,CASSLASGPRNEKLFF,9.0,CASSLPIGGTNEKLFF,25.0,CASSLPPGRRNEKLFF
38,CASSLRTGVTNEKLFF,30.0,CASSLTLGPRNEKLFF,2.0,CASSLTVGLMNEKLFF,22.0,CASSLAGGGTNEKLFF,8.0,CASSLPTGLGNEKLFF,25.0,CASSLPTGRRNEKLFF
38,CASSLAAGARNEKLFF,30.0,CASSLTIGSPNEKLFF,2.0,CASSLRPGTENEKLFF,22.0,CASSLGPGMSNEKLFF,7.0,CASSLRLGRTNEKLFF,25.0,CASSLPVGRGNEKLFF
38,CASSLGRGIANEKLFF,30.0,CASSLTRGRRNEKLFF,2.0,CASSLRPGSENEKLFF,22.0,CASSLGPGTPNEKLFF,7.0,CASSLAPGTTNEKLFF,25.0,CASSLPAGRPNEKLFF
38,CASSLMPGTTNEKLFF,30.0,CASSLSTGATNEKLFF,2.0,CASSLRRGVPNEKLFF,22.0,CASSLGTGRINEKLFF,6.0,CASSLRRGRLNEKLFF,25.0,CASSLPAGPINEKLFF
38,CASSLIRGTTNEKLFF,30.0,CASSLKPGPHNEKLFF,2.0,CASSLRTGIRNEKLFF,22.0,CASSLGLGMSNEKLFF,5.0,CASSLAPGATNEKLFF,25.0,CASSLPAGTRNEKLFF
38,CASSLIGGIRNEKLFF,30.0,CTSSLGTGRVNEKLFF,2.0,CASSLRRGLPNEKLFF,22.0,CASSLILGGMNEKLFF,4.0,CVSSLPSGTINEKLFF,25.0,CASSLRLGARNEKLFF
38,CASSLIGGPANEKLFF,29.0,CASSLLPGPENEKLFF,2.0,CASSLNPGAVNEKLFF,22.0,CASSLTLGTVNEKLFF,4.0,CASSLRPGLPNEKLFF,25.0,CASSLRPGIINEKLFF
38,CASSLTIGRLNEKLFF,29.0,CASSLLIGLLNEKLFF,2.0,CASSLKPGVVNEKLFF,22.0,CASSLTVGRTNEKLFF,4.0,CASSLAPGVANEKLFF,25.0,CASSLHPGANNEKLFF
38,CASSLTRGILNEKLFF,29.0,CASSLPAGVSNEKLFF,2.0,CASSLKPGAVNEKLFF,22.0,CASSLTGGRRNEKLFF,4.0,CASSLARGIANEKLFF,25.0,CASSLVTGRPNEKLFF
38,CASSLTAGSINEKLFF,29.0,CASSLPSGLINEKLFF,2.0,CASSLKPGADNEKLFF,22.0,CASSLTIGPVNEKLFF,4.0,CASSLAPGATNEKLFF,25.0,CASSLGVGMPNEKLFF
38,CASSLTIGLGNEKLFF,29.0,CASSLRPGCLNEKLFF,2.0,CASSLKPGPTNEKLFF,22.0,CASSLTMGRANEKLFF,4.0,CASSLDPGHPNEKLFF,25.0,CASSLIPGIVNEKLFF
38,CASSLTRGAANEKLFF,29.0,CASSLRAGRPNEKLFF,2.0,CASSLKPGQTNEKLFF,22.0,CASSLTRGRRNEKLFF,3.0,CASSLLPGAANEKLFF,25.0,CASSLMTGRRNEKLFF
38,CASSLTPGTANEKLFF,29.0,CASSLRIGVPNEKLFF,2.0,CASSLKPGALNEKLFF,22.0,CASSLTIGLGNEKLFF,3.0,CASSLPPGRENEKLFF,25.0,CASSLTPGRANEKLFF
38,CASSLRPGISNEKLFF,29.0,CASSLARGVTNEKLFF,2.0,CASNLPPGGDNEKLFF,22.0,CASSLSLGTRNEKLFF,3.0,CASSLRTGIINEKLFF,25.0,CASSLTGGGINEKLFF
38,CASSLRAGSLNEKLFF,29.0,CASSLARGLRNEKLFF,1.0,CASSLAPGDNNEKLFF,22.0,CASSLSPGVTNEKLFF,3.0,CASSLVPGVSNEKLFF,25.0,CASSLTLGVLNEKLFF
38,CASSLRGGAANEKLFF,29.0,CASSLALGPGNEKLFF,1.0,CASSLLLGGINEKLFF,22.0,CASSLSVGRRNEKLFF,3.0,CASSLVIGGGNEKLFF,25.0,CASSLSSGAPNEKLFF
38,CASSLRTGTRNEKLFF,29.0,CASSLARGVGNEKLFF,1.0,CASSLLPGVANEKLFF,22.0,CASSLRPGRINEKLFF,3.0,CASSLAPGTTNEKLFF,25.0,CASSLRPGRGNEKLFF
37,CASSLLMGTLNEKLFF,29.0,CASSLGLGGINEKLFF,1.0,CASSLLPGAENEKLFF,22.0,CASSLRTGTRNEKLFF,3.0,CASSLAPGKRNEKLFF,25.0,CASSLRAGGINEKLFF
37,CASSLLIGLANEKLFF,29.0,CASSLGPGVRNEKLFF,1.0,CASSLLPGAVNEKLFF,22.0,CASSLRTGVTNEKLFF,3.0,CASSLAPGATNEKLFF,24.0,CASSLLPGRINEKLFF
37,CASSLPGGGGNEKLFF,29.0,CASSLGRGPRNEKLFF,1.0,CASSLLPGAVNEKLFF,22.0,CASSLRPGPLNEKLFF,3.0,CASSLGPGAANEKLFF,24.0,CASSLLAGAGNEKLFF
37,CASSLPTGITNEKLFF,29.0,CASSLGGGAANEKLFF,1.0,CASSLLPGEQNEKLFF,22.0,CASSLRRGIRNEKLFF,3.0,CASSLGPGSKNEKLFF,24.0,CASSLLLGTRNEKLFF
37,CASSLVPGGRNEKLFF,29.0,CASSLDPGPENEKLFF,1.0,CASSLLPGTPNEKLFF,22.0,CASSLRVGGRNEKLFF,3.0,CASSLDPGAGNEKLFF,24.0,CASSLPRGGINEKLFF
37,CASSLARGVRNEKLFF,29.0,CASSLIRGVPNEKLFF,1.0,CASSLLRGRANEKLFF,22.0,CASSLRAGRANEKLFF,3.0,CASSLMPGVVNEKLFF,24.0,CASSLPRGIVNEKLFF
37,CASSLAIGIGNEKLFF,29.0,CASSLTPGPRNEKLFF,1.0,CASSLLAGSANEKLFF,22.0,CASSLRAGSINEKLFF,3.0,CASSLMPGTRNEKLFF,24.0,CASSLPTGPGNEKLFF
37,CASSLAMGPTNEKLFF,29.0,CASSLTTGIINEKLFF,1.0,CASSLLTGVRNEKLFF,22.0,CASSLRTGPVNEKLFF,3.0,CASSLTGGIVNEKLFF,24.0,CASSLPSGLINEKLFF
37,CASSLGTGPANEKLFF,29.0,CASSLSRGTLNEKLFF,1.0,CASSLLPGGDNEKLFF,21.0,CASSLLIGAINEKLFF,3.0,CASSLTSGGRNEKLFF,24.0,CASSLRRGVSNEKLFF
37,CASSLGLGARNEKLFF,29.0,CASSLSIGSTNEKLFF,1.0,CASSLLAGIANEKLFF,21.0,CASSLPPGVVNEKLFF,3.0,CASSLSRGGRNEKLFF,24.0,CASSLRIGRANEKLFF
37,CASSLGRGPLNEKLFF,29.0,CASSLRAGLRNEKLFF,1.0,CASSLLGGVRNEKLFF,21.0,CASSLPRGPVNEKLFF,3.0,CASSLNPGPPNEKLFF,24.0,CASSLVRGRINEKLFF
37,CASSLGVGLPNEKLFF,28.0,CASSLPVGSRNEKLFF,1.0,CASSLLPGGPNEKLFF,21.0,CASSLPLGGTNEKLFF,2.0,CASSLLAGGVNEKLFF,24.0,CASSLVPGLANEKLFF
37,CASSLISGRRNEKLFF,28.0,CASSLRSGRRNEKLFF,1.0,CASSLLPGTPNEKLFF,21.0,CASSLPIGPRNEKLFF,2.0,CASSLLIGVGNEKLFF,24.0,CASSLARGVTNEKLFF
37,CASSLTIGRRNEKLFF,28.0,CASSLRPGSPNEKLFF,1.0,CASSLLPGTRNEKLFF,21.0,CASSLPTGGGNEKLFF,2.0,CASSLLTGGPNEKLFF,24.0,CASSLAIGSGNEKLFF
37,CASSLTVGIGNEKLFF,28.0,CASSLRPGIRNEKLFF,1.0,CASSLLGGARNEKLFF,21.0,CASSLRRGVTNEKLFF,2.0,CASSLLLSVRNEKLFF,24.0,CASSLGPGHGNEKLFF
37,CASSLTPGLSNEKLFF,28.0,CASSLVGGASNEKLFF,1.0,CASSLLTGVVNEKLFF,21.0,CASSLRTGISNEKLFF,2.0,CASSLPLGGPNEKLFF,24.0,CASSLGPGLANEKLFF
37,CASSLTAGRGNEKLFF,28.0,CASSLALGIRNEKLFF,1.0,CASSLLLGIRNEKLFF,21.0,CASSLRIGLINEKLFF,2.0,CASSLPPGSTNEKLFF,24.0,CASSLIRGTTNEKLFF
37,CASSLRPGVMNEKLFF,28.0,CASSLAVGLRNEKLFF,1.0,CASSLLPGQENEKLFF,21.0,CASSLRPGAGNEKLFF,2.0,CASSLPPGRVNEKLFF,24.0,CASSLIRGIGNEKLFF
37,CASSLRTGRPNEKLFF,28.0,CASSLATGISNEKLFF,1.0,CASSLLPGVGNEKLFF,21.0,CASSLVRGRRNEKLFF,2.0,CASSLPGGPGNEKLFF,24.0,CASSLTRGRPNEKLFF
36,CASSLLLGGANEKLFF,28.0,CASSLGTGIRNEKLFF,1.0,CASSLLPGGVNEKLFF,21.0,CASSLVAGAANEKLFF,2.0,CASSLPTGIGNEKLFF,24.0,CASSLTIGAGNEKLFF
36,CASSLLPGTTNEKLFF,28.0,CASSLGPGSRNEKLFF,1.0,CASSLLPGVSNEKLFF,21.0,CASSLATGRGNEKLFF,2.0,CASSLPTGTVNEKLFF,24.0,CASSLTLGIRNEKLFF
36,CASSLLRGGANEKLFF,28.0,CASSLGMGRVNEKLFF,1.0,CASSLLVGLANEKLFF,21.0,CASSLGRGLMNEKLFF,2.0,CASSLRGGLANEKLFF,24.0,CASSLTPGTVNEKLFF
36,CASSLPRGRRNEKLFF,28.0,CASSLIAGTPNEKLFF,1.0,CASSLLIGLANEKLFF,21.0,CASSLGTGSPNEKLFF,2.0,CASSLRRGVTNEKLFF,24.0,CASSLTRGRSNEKLFF
36,CASSLRVGRLNEKLFF,28.0,CASSLITGTLNEKLFF,1.0,CASSLLIGRINEKLFF,21.0,CASSLILGRLNEKLFF,2.0,CASSLRPGRGNEKLFF,24.0,CASSLTVGLMNEKLFF
36,CASSLRTGISNEKLFF,28.0,CASSLMTGGPNEKLFF,1.0,CASSLLRGTINEKLFF,21.0,CASSLITGGSNEKLFF,2.0,CASSLRPGLVNEKLFF,24.0,CASSLTAGATNEKLFF
36,CASSLRLGTRNEKLFF,28.0,CASSLIIGIRNEKLFF,1.0,CASSLPPGAVNEKLFF,21.0,CASSLMAGRINEKLFF,2.0,CASSLRPGIINEKLFF,24.0,CASSLTTGIVNEKLFF
36,CASSLRIGISNEKLFF,28.0,CASSLIIGLRNEKLFF,1.0,CASSLPPGARNEKLFF,21.0,CASSLIAGGVNEKLFF,2.0,CASSLRTGLRNEKLFF,24.0,CASSLRLGALNEKLFF
36,CASSLRSGARNEKLFF,28.0,CASSLTVGVINEKLFF,1.0,CASSLPPGGGNEKLFF,21.0,CASSLIGGRINEKLFF,2.0,CASSLRPGLRNEKLFF,24.0,CASSLRGGSTNEKLFF
36,CASSLVPGLGNEKLFF,28.0,CASSLTSGSTNEKLFF,1.0,CASSLPPGEVNEKLFF,21.0,CASSLTLGIPNEKLFF,2.0,CASSLHPGTVNEKLFF,24.0,CASSLRTGTVNEKLFF
36,CASSLARGRPNEKLFF,28.0,CASSLTLGPRNEKLFF,1.0,CASSLPPGIDNEKLFF,21.0,CASSLTMGPTNEKLFF,2.0,CASSLQPGNNNEKLFF,24.0,CASSLRRGLRNEKLFF
36,CASSLGIGLPNEKLFF,28.0,CASSLTTGRGNEKLFF,1.0,CASSLPTGGRNEKLFF,21.0,CASSLTGGSGNEKLFF,2.0,CASSLVPGPRNEKLFF,23.0,CASSLLPGIMNEKLFF
36,CASSLGTGRINEKLFF,28.0,CASSLSPGRRNEKLFF,1.0,CASSLPRGGRNEKLFF,21.0,CASSLTIGPVNEKLFF,2.0,CASSLVPGTENEKLFF,23.0,CASSLLVGRINEKLFF
36,CASSLIPGRINEKLFF,28.0,CASSLRRGLRNEKLFF,1.0,CASSLPLGSRNEKLFF,21.0,CASSLSPGSTNEKLFF,2.0,CASSLVTGLLNEKLFF,23.0,CASSLPGGIVNEKLFF
36,CASSLTTGVPNEKLFF,27.0,CASSLLPGGANEKLFF,1.0,CASSLPPGMGNEKLFF,21.0,CASSLSVGPANEKLFF,2.0,CASSLAPGATNEKLFF,23.0,CASSLPRGGINEKLFF
36,CASSLTVGASNEKLFF,27.0,CASSLLGGLRNEKLFF,1.0,CASSLPPGMNNEKLFF,21.0,CASSLSAGRTNEKLFF,2.0,CASSLAGGTTNEKLFF,23.0,CASSLPVGVSNEKLFF
36,CASSLTIGRRNEKLFF,27.0,CASSLPLGTVNEKLFF,1.0,CASSLPPGPINEKLFF,21.0,CASSLRRGRTNEKLFF,2.0,CASSLAPGRRNEKLFF,23.0,CASSLPTGRVNEKLFF
36,CASSLTPGMGNEKLFF,27.0,CASSLPVGVTNEKLFF,1.0,CASSLPRGISNEKLFF,20.0,CASSLLPGRVNEKLFF,2.0,CASSLAPGKANEKLFF,23.0,CASSLRAGSPNEKLFF
36,CASSLTTGILNEKLFF,27.0,CASSLPVGARNEKLFF,1.0,CASSLPGGSPNEKLFF,20.0,CASSLLAGGANEKLFF,2.0,CASSLATSGINEKLFF,23.0,CASSLRTGVINEKLFF
36,CASSLTSGTTNEKLFF,27.0,CASSLPRGPRNEKLFF,1.0,CASSLPTGSRNEKLFF,20.0,CASSLLRGMGNEKLFF,2.0,CASSLGPGVTNEKLFF,23.0,CASSLRVGRTNEKLFF
36,CASSLTLGTPNEKLFF,27.0,CASSLPRGLRNEKLFF,1.0,CASSLPPGPANEKLFF,20.0,CASSLLPGSGNEKLFF,2.0,CASSLGPGVLNEKLFF,23.0,CASSLVIGTRNEKLFF
36,CASSLSRGGRNEKLFF,27.0,CASSLRPGPPNEKLFF,1.0,CASSLPPGVGNEKLFF,20.0,CASSLLAGRINEKLFF,2.0,CASSLGRGRRNEKLFF,23.0,CASSLVIGGGNEKLFF
36,CASSLRRGTRNEKLFF,27.0,CASSLVTGIRNEKLFF,1.0,CASSLPPGRINEKLFF,20.0,CASSLLSGVINEKLFF,2.0,CASSLGVGRRNEKLFF,23.0,CASSLVRGRGNEKLFF
36,CASSLRTGTINEKLFF,27.0,CASSLAMGGPNEKLFF,1.0,CASSLPRGRRNEKLFF,20.0,CASSLPGGRINEKLFF,2.0,CASSLGIGTQNEKLFF,23.0,CASSLAPGPVNEKLFF
35,CASSLLAGPANEKLFF,27.0,CASSLGTGRTNEKLFF,1.0,CASSLPVGLRNEKLFF,20.0,CASSLPIGRSNEKLFF,2.0,CASSLGRGTGNEKLFF,23.0,CASSLASGAANEKLFF
35,CASSLLAGVANEKLFF,27.0,CASSLGTGGPNEKLFF,1.0,CASSLPAGMGNEKLFF,20.0,CASSLPLGTRNEKLFF,2.0,CASSLEPGHRNEKLFF,23.0,CASSLAIGSSNEKLFF
35,CASSLPGGIGNEKLFF,27.0,CASSLGTGIANEKLFF,1.0,CASSLPAGPGNEKLFF,20.0,CASSLPRGLSNEKLFF,2.0,CASSLEPGAPNEKLFF,23.0,CASSLAGGRTNEKLFF
35,CASSLPRGSGNEKLFF,27.0,CASSLGRGTGNEKLFF,1.0,CASSLPIGVTNEKLFF,20.0,CASSLPRGIRNEKLFF,2.0,CASSLEPGTKNEKLFF,23.0,CASSLGAGRTNEKLFF
35,CASSLPTGTPNEKLFF,27.0,CASSLMIGVLNEKLFF,1.0,CASSLPIGPVNEKLFF,20.0,CASSLPTGTTNEKLFF,2.0,CASSLIAGMINEKLFF,23.0,CASSLILGGSNEKLFF
35,CASSLRVGSRNEKLFF,27.0,CASSLMSGTGNEKLFF,1.0,CASSLPTGITNEKLFF,20.0,CASSLRAGAVNEKLFF,2.0,CASSLTTGPTNEKLFF,23.0,CASSLIIGGINEKLFF
35,CASSLRTGISNEKLFF,27.0,CASSLIPGMRNEKLFF,1.0,CASSLPTGGRNEKLFF,20.0,CASSLRAGLRNEKLFF,2.0,CASSLTLGGVNEKLFF,23.0,CASSLIIGVPNEKLFF
35,CASSLVPGPINEKLFF,27.0,CASSLIAGRTNEKLFF,1.0,CASSLPRGTVNEKLFF,20.0,CASSLRAGTANEKLFF,2.0,CASSLTPGALNEKLFF,23.0,CASSLTPGISNEKLFF
35,CASSLVTGVGNEKLFF,27.0,CASSLIAGSVNEKLFF,1.0,CASSLPRGTGNEKLFF,20.0,CASSLRVGPMNEKLFF,2.0,CASSLTPGAGNEKLFF,23.0,CASSLTVGLGNEKLFF
35,CASSLGGGPTNEKLFF,27.0,CASSLIRGGSNEKLFF,1.0,CASSLPRGPRNEKLFF,20.0,CASSLRVGARNEKLFF,2.0,CASSLTPGRGNEKLFF,23.0,CASSLTPGMRNEKLFF
35,CASSLIGGGSNEKLFF,27.0,CASSLTIGRRNEKLFF,1.0,CASSLPPGVVNEKLFF,20.0,CASSLRPGVANEKLFF,2.0,CASSLTPGVANEKLFF,23.0,CASSLTRGIPNEKLFF
35,CASSLIRGGRNEKLFF,27.0,CASSLTIGGINEKLFF,1.0,CASSLPPGAVNEKLFF,20.0,CASSLVMGRVNEKLFF,2.0,CASSLTRGSANEKLFF,23.0,CASSLTAGIRNEKLFF
35,CASSLMTGLRNEKLFF,27.0,CASSLTAGRANEKLFF,1.0,CASSLPPGIVNEKLFF,20.0,CASSLATGLTNEKLFF,2.0,CASSLTAGVPNEKLFF,23.0,CASSLTIGVANEKLFF
35,CASSLIRGPPNEKLFF,27.0,CASSLTIGIGNEKLFF,1.0,CASSLPPGRRNEKLFF,20.0,CASSLAGGLGNEKLFF,2.0,CASSLTTGMPNEKLFF,23.0,CASSLTMGRLNEKLFF
35,CASSLTVGRTNEKLFF,27.0,CASSLTMGRPNEKLFF,1.0,CASSLPPGRGNEKLFF,20.0,CASSLARGPLNEKLFF,2.0,CASSLTRGPPNEKLFF,23.0,CASSLTRGRRNEKLFF
35,CASSLTTGRRNEKLFF,27.0,CASSLTTGRRNEKLFF,1.0,CASSLPPGNENEKLFF,20.0,CASSLAPGLRNEKLFF,2.0,CASSLTPGRSNEKLFF,23.0,CASSLTRGRRNEKLFF
35,CASSLTPGRGNEKLFF,27.0,CASSLTTGVSNEKLFF,1.0,CASSLPPGKDNEKLFF,20.0,CASSLAMGGTNEKLFF,2.0,CASSLTAGVRNEKLFF,23.0,CASSLTTGLINEKLFF
35,CASSLTTGTGNEKLFF,27.0,CASSLTLGRRNEKLFF,1.0,CASSLPRGVSNEKLFF,20.0,CASSLAIGRRNEKLFF,2.0,CASSLTRGRPNEKLFF,23.0,CASSLTAGGSNEKLFF
35,CASSLTSGTGNEKLFF,27.0,CASSLTAGRRNEKLFF,1.0,CASSLPRGIINEKLFF,20.0,CASSLGMGLANEKLFF,2.0,CASSLTAGRRNEKLFF,23.0,CASSLTSGAGNEKLFF
35,CASSLTRGPVNEKLFF,27.0,CASSLRPGRVNEKLFF,1.0,CASSLPRGMRNEKLFF,20.0,CASSLGLGRPNEKLFF,2.0,CASSLTGGRGNEKLFF,23.0,CASSLSLGRPNEKLFF
35,CASSLTRGGVNEKLFF,27.0,CASSLRGGVLNEKLFF,1.0,CASSLPTGIINEKLFF,20.0,CASSLGPGIRNEKLFF,2.0,CASSLTGGGLNEKLFF,23.0,CASSLSTGRINEKLFF
35,CASSLTVGGPNEKLFF,27.0,CASSLRRGVSNEKLFF,1.0,CASSLPSGIGNEKLFF,20.0,CASSLGGGIVNEKLFF,2.0,CASSLSPGTTNEKLFF,23.0,CASSLRPGAGNEKLFF
35,CASSLTSGGRNEKLFF,26.0,CASSLLPGVTNEKLFF,1.0,CASSLPSGLANEKLFF,20.0,CASSLGTGTLNEKLFF,2.0,CASSLRGGSTNEKLFF,23.0,CASSLRRGAVNEKLFF
35,CASSLSLGSPNEKLFF,26.0,CASSLLVGVANEKLFF,1.0,CASSLRRGSVNEKLFF,20.0,CASSLMTGTPNEKLFF,2.0,CASSLNPGAANEKLFF,22.0,CASSLLSGVINEKLFF
35,CASSLSGGLVNEKLFF,26.0,CASSLPVGSPNEKLFF,1.0,CASSLRVGSANEKLFF,20.0,CASSLMRGGRNEKLFF,2.0,CASSLNPGGKNEKLFF,22.0,CASSLPTGLANEKLFF
35,CASSLRPGPINEKLFF,26.0,CASSLPPGATNEKLFF,1.0,CASSLRPGPVNEKLFF,20.0,CASSLILGGVNEKLFF,2.0,CASSLNPGEHNEKLFF,22.0,CASSLPRGTANEKLFF
35,CASSLRGGTRNEKLFF,26.0,CASSLPGGLTNEKLFF,1.0,CASSLRPGIDNEKLFF,20.0,CASSLTGGIRNEKLFF,2.0,CASSLKPGEENEKLFF,22.0,CASSLPLGRSNEKLFF
35,CASSLRPGVRNEKLFF,26.0,CASSLPIGRANEKLFF,1.0,CASSLRPGMLNEKLFF,20.0,CASSLTRGLVNEKLFF,2.0,CASSLKPGTGNEKLFF,22.0,CASSLRTGPGNEKLFF
35,CASSLRRGLPNEKLFF,26.0,CASSLPTGRRNEKLFF,1.0,CASSLRPGVGNEKLFF,20.0,CASSLTPGGTNEKLFF,2.0,CASSLKPGAGNEKLFF,22.0,CASSLRRGVGNEKLFF
34,CASSLLMGVVNEKLFF,26.0,CASSLPRGGRNEKLFF,1.0,CASSLRRGRGNEKLFF,20.0,CASSLTRGCTNEKLFF,1.0,CAGSLPPGTGNEKLFF,22.0,CASSLRTGRRNEKLFF
34,CASSLPIGLGNEKLFF,26.0,CASSLPTGRRNEKLFF,1.0,CASSLRPGELNEKLFF,20.0,CASSLRIGPSNEKLFF,1.0,CASSLLPGRKNEKLFF,22.0,CASSLVGGRRNEKLFF
34,CASSLPSGRPNEKLFF,26.0,CASSLPSGLRNEKLFF,1.0,CASSLRPGISNEKLFF,20.0,CASSLRPGRLNEKLFF,1.0,CASSLLPGIINEKLFF,22.0,CASSLAPGVLNEKLFF
34,CASSLRPGPANEKLFF,26.0,CASSLRTGLRNEKLFF,1.0,CASSLRPGNQNEKLFF,20.0,CASSLRPGRLNEKLFF,1.0,CASSLLPGKRNEKLFF,22.0,CASSLAVGSRNEKLFF
34,CASSLRGGIRNEKLFF,26.0,CASSLRRGSGNEKLFF,1.0,CASSLRAGIGNEKLFF,20.0,CASSLRAGRGNEKLFF,1.0,CASSLLPGVINEKLFF,22.0,CASSLATGIGNEKLFF
34,CASSLVPGTPNEKLFF,26.0,CASSLRPGRRNEKLFF,1.0,CASSLRRGILNEKLFF,20.0,CASSLRTGISNEKLFF,1.0,CASSLLTGTANEKLFF,22.0,CASSLGSGVLNEKLFF
34,CASSLVVGPINEKLFF,26.0,CASSLRVGRANEKLFF,1.0,CASSLRRGIRNEKLFF,20.0,CASSLNPGTVNEKLFF,1.0,CASSLLPGPANEKLFF,22.0,CASSLGTGPGNEKLFF
34,CASSLVTGSLNEKLFF,26.0,CASSLRSGVANEKLFF,1.0,CASSLRRGSINEKLFF,19.0,CASSLLRGRGNEKLFF,1.0,CASSLLPGRGNEKLFF,22.0,CASSLGTGVANEKLFF
34,CASSLVGGSGNEKLFF,26.0,CASSLVRGPSNEKLFF,1.0,CASSLRPGRANEKLFF,19.0,CASSLLGGGRNEKLFF,1.0,CASSLLPGRNNEKLFF,22.0,CASSLGTGAVNEKLFF
34,CASSLATGRPNEKLFF,26.0,CASSLVPGKENEKLFF,1.0,CASSLRPGHINEKLFF,19.0,CASSLPLGGPNEKLFF,1.0,CASSLLAGIANEKLFF,22.0,CASSLILGLPNEKLFF
34,CASSLAAGSRNEKLFF,26.0,CASSLVAGILNEKLFF,1.0,CASSLRPGNGNEKLFF,19.0,CASSLPRGRRNEKLFF,1.0,CASSLLRGTRNEKLFF,22.0,CASSLIAGAANEKLFF
34,CASSLALGPRNEKLFF,26.0,CASSLVMGRGNEKLFF,1.0,CASSLRPGPVNEKLFF,19.0,CASSLPRGTRNEKLFF,1.0,CASSLLPGLRNEKLFF,22.0,CASSLIGGPGNEKLFF
34,CASSLAPGRPNEKLFF,26.0,CASSLVAGGGNEKLFF,1.0,CASSLRPGSMNEKLFF,19.0,CASSLRPGISNEKLFF,1.0,CASSLLPGALNEKLFF,22.0,CASSLILGRRNEKLFF
34,CASSLITGGPNEKLFF,26.0,CASSLVIGRSNEKLFF,1.0,CASSLRVGPLNEKLFF,19.0,CASSLRAGSRNEKLFF,1.0,CASSLLPGEGNEKLFF,22.0,CASSLIAGIGNEKLFF
34,CASSLIRGRTNEKLFF,26.0,CASSLVRGTRNEKLFF,1.0,CASSLRVGVLNEKLFF,19.0,CASSLRRGRRNEKLFF,1.0,CASSLLPGTRNEKLFF,22.0,CASSLIGGPANEKLFF
34,CASSLIMGLINEKLFF,26.0,CASSLAPGATNEKLFF,1.0,CASSLRGGTINEKLFF,19.0,CASSLRRGTLNEKLFF,1.0,CASSLLPGPRNEKLFF,22.0,CASSLTTGILNEKLFF
34,CASSLILGVANEKLFF,26.0,CASSLAVGGSNEKLFF,1.0,CASSLRIGSVNEKLFF,19.0,CASSLRRGVRNEKLFF,1.0,CASSLLMGTRNEKLFF,22.0,CASSLTPGTRNEKLFF
34,CASSLIRGTTNEKLFF,26.0,CASSLAAGIGNEKLFF,1.0,CASSLRTGVPNEKLFF,19.0,CASSLRVGAINEKLFF,1.0,CASSLLTGRRNEKLFF,22.0,CASSLTVGGPNEKLFF
34,CASSLTPGVSNEKLFF,26.0,CASSLATGRRNEKLFF,1.0,CASSLRSGTVNEKLFF,19.0,CASSLVPGMANEKLFF,1.0,CASSLLRGMGNEKLFF,22.0,CASSLTSGSVNEKLFF
34,CASSLSPGAVNEKLFF,26.0,CASSLGAGTVNEKLFF,1.0,CASSLHPGPRNEKLFF,19.0,CASSLVVGVRNEKLFF,1.0,CASSLLPGPTNEKLFF,22.0,CASSLTPGRGNEKLFF
34,CASSLSGGGINEKLFF,26.0,CASSLGGGGINEKLFF,1.0,CASSLHPGAVNEKLFF,19.0,CASSLAMGGPNEKLFF,1.0,CASSLLPGRGNEKLFF,22.0,CASSLTTGGRNEKLFF
34,CASSLSSGIGNEKLFF,26.0,CASSLIAGVVNEKLFF,1.0,CASSLHPGAGNEKLFF,19.0,CASSLALGGRNEKLFF,1.0,CASSLLPGVNNEKLFF,22.0,CASSLTTGTPNEKLFF
34,CASSLRRGRTNEKLFF,26.0,CASSLIPGSSNEKLFF,1.0,CASSLHPGAVNEKLFF,19.0,CASSLASGGPNEKLFF,1.0,CASSLLPGEGNEKLFF,22.0,CASSLTTGVRNEKLFF
34,CASSLRSGVRNEKLFF,26.0,CASSLIVGGTNEKLFF,1.0,CASSLHPGTTNEKLFF,19.0,CASSLARGLGNEKLFF,1.0,CASSLLPGTENEKLFF,22.0,CASSLTTGIANEKLFF
34,CASSLRAGVVNEKLFF,26.0,CASSLTGGGVNEKLFF,1.0,CASSLHPGRINEKLFF,19.0,CASSLAVGRSNEKLFF,1.0,CASSLLPGVSNEKLFF,22.0,CASSLRMGRSNEKLFF
34,CASSLRRGPRNEKLFF,26.0,CASSLTTGPGNEKLFF,1.0,CASSLHPGMANEKLFF,19.0,CASSLAVGTVNEKLFF,1.0,CASSLLPGISNEKLFF,21.0,CASSLLSGVRNEKLFF
33,CPSSLTRGSSNEKLFF,26.0,CASSLTPGRPNEKLFF,1.0,CASSLHPGTTNEKLFF,19.0,CASSLAGGVPNEKLFF,1.0,CASSLLVGVMNEKLFF,21.0,CASSLPGGRSNEKLFF
33,CASSLPVGTANEKLFF,26.0,CASSLRPGAINEKLFF,1.0,CASSLQPGRRNEKLFF,19.0,CASSLGRGRGNEKLFF,1.0,CASSLPPGAVNEKLFF,21.0,CASSLRAGRTNEKLFF
33,CASSLPAGLRNEKLFF,26.0,CASSLRRGLVNEKLFF,1.0,CASSLQPGISNEKLFF,19.0,CASSLIVGIGNEKLFF,1.0,CASSLPPGAANEKLFF,21.0,CASSLHPGVANEKLFF
33,CASSLPRGAVNEKLFF,26.0,CASSLRSGRRNEKLFF,1.0,CASSLQPGRRNEKLFF,19.0,CASSLMRGTLNEKLFF,1.0,CASSLPPGAGNEKLFF,21.0,CASSLVVGLVNEKLFF
33,CASSLPGGRLNEKLFF,25.0,CASSLLLGSMNEKLFF,1.0,CASSLQPGPVNEKLFF,19.0,CASSLIIGMTNEKLFF,1.0,CASSLPPGDGNEKLFF,21.0,CASSLVSGSSNEKLFF
33,CASSLRAGLVNEKLFF,25.0,CASSLLPGPRNEKLFF,1.0,CASSLQPGAENEKLFF,19.0,CASSLTPGSVNEKLFF,1.0,CASSLPPGIDNEKLFF,21.0,CASSLAPGPINEKLFF
33,CASSLRMGRRNEKLFF,25.0,CASSLPTGRANEKLFF,1.0,CASSLQPGGVNEKLFF,19.0,CASSLTIGPRNEKLFF,1.0,CASSLPRGGINEKLFF,21.0,CASSLAGGSGNEKLFF
33,CASSLVTGIINEKLFF,25.0,CASSLPTGSRNEKLFF,1.0,CASSLQPGEKNEKLFF,19.0,CASSLTTGIRNEKLFF,1.0,CASSLPPGPSNEKLFF,21.0,CASSLALGTPNEKLFF
33,CASSLVTGTINEKLFF,25.0,CASSLPRGLSNEKLFF,1.0,CASSLQPGIKNEKLFF,19.0,CASSLTPGTGNEKLFF,1.0,CASSLPPGRGNEKLFF,21.0,CASSLGVGGRNEKLFF
33,CASSLALGIRNEKLFF,25.0,CASSLPGGRSNEKLFF,1.0,CASSLQPGTGNEKLFF,19.0,CASSLTRGMVNEKLFF,1.0,CASSLPPGRRNEKLFF,21.0,CASSLGLGRPNEKLFF
33,CASSLITGLRNEKLFF,25.0,CASSLRVGLRNEKLFF,1.0,CASSLQPGTNNEKLFF,19.0,CASSLTVGPTNEKLFF,1.0,CASSLPPGDENEKLFF,21.0,CASSLGAGTVNEKLFF
33,CASSLMGGARNEKLFF,25.0,CASSLRIGAGNEKLFF,1.0,CASSLQPGSMNEKLFF,19.0,CASSLTLGGRNEKLFF,1.0,CASSLPPGRDNEKLFF,21.0,CASSLGIGRANEKLFF
33,CASSLIRGRGNEKLFF,25.0,CASSLRTGTSNEKLFF,1.0,CASSLVPGRENEKLFF,19.0,CASSLTTGTRNEKLFF,1.0,CASSLPPGNANEKLFF,21.0,CASSLIAGSTNEKLFF
33,CASSLTIGPGNEKLFF,25.0,CASSLRRGGLNEKLFF,1.0,CASSLVPGVSNEKLFF,19.0,CASSLTTGVGNEKLFF,1.0,CASSLPRGRRNEKLFF,21.0,CASSLIRGMANEKLFF
33,CASSLTAGIRNEKLFF,25.0,CASSLQPGIKNEKLFF,1.0,CASSLVPGVINEKLFF,19.0,CASSLSRGTPNEKLFF,1.0,CASSLPAGRRNEKLFF,21.0,CASSLIRGIGNEKLFF
33,CASSLTRGLPNEKLFF,25.0,CASSLVPGRPNEKLFF,1.0,CASSLVPGAANEKLFF,19.0,CASSLRIGSTNEKLFF,1.0,CASSLPMGTTNEKLFF,21.0,CASSLIAGRANEKLFF
33,CASSLTIGPLNEKLFF,25.0,CASSLATGRGNEKLFF,1.0,CASSLVPGGANEKLFF,19.0,CASSLRRGTPNEKLFF,1.0,CASSLPTGLGNERLFF,21.0,CASSLIVGLANEKLFF
33,CASSLTTGGVNEKLFF,25.0,CASSLAPGLDNEKLFF,1.0,CASSLVPGGNNEKLFF,19.0,CASSLRRGGMNEKLFF,1.0,CASSLPTGGSNEKLFF,21.0,CASSLISGRRNEKLFF
33,CASSLSSGALNEKLFF,25.0,CASSLASGGTNEKLFF,1.0,CASSLVPGDDNEKLFF,19.0,CASSLRGGRANEKLFF,1.0,CASSLPPGHTNEKLFF,21.0,CASSLTVGGGNEKLFF
33,CASSLNPGVRNEKLFF,25.0,CASSLGPGAHNEKLFF,1.0,CASSLVPGDDNEKLFF,18.0,CASSLLTGRANEKLFF,1.0,CASSLPPGVRNEKLFF,21.0,CASSLTLGSINEKLFF
32,CASSLLTGSPNEKLFF,25.0,CASSLGPGRGNEKLFF,1.0,CASSLVPGIANEKLFF,18.0,CASSLLPGPVNEKLFF,1.0,CASSLPGGLRNEKLFF,21.0,CASSLTRGIGNEKLFF
32,CASSLPTGMRNEKLFF,25.0,CASSLGAGLPNEKLFF,1.0,CASSLVPGRRNEKLFF,18.0,CASSLPMGTTNEKLFF,1.0,CASSLPPGLPNEKLFF,21.0,CASSLRIGSANEKLFF
32,CASSLPIGIGNEKLFF,25.0,CASSLGLGRLNEKLFF,1.0,CASSLVPGKINEKLFF,18.0,CASSLPRGITNEKLFF,1.0,CASSLPPGVRNEKLFF,21.0,CASSLRPGGANEKLFF
32,CASSLPSGLANEKLFF,25.0,CASSLGPGVGNEKLFF,1.0,CASSLVTGLVNEKLFF,18.0,CASSLPGGRTNEKLFF,1.0,CASSLPPGAANEKLFF,21.0,CASSLRVGTTNEKLFF
32,CASSLRGGAGNEKLFF,25.0,CASSLIPGGANEKLFF,1.0,CASSLVPGLTNEKLFF,18.0,CASSLPGGPINEKLFF,1.0,CASSLPPGKANEKLFF,20.0,CASSLLTGPPNEKLFF
32,CASSLRSGSLNEKLFF,25.0,CASSLIPGITNEKLFF,1.0,CASSLVPGPDNEKLFF,18.0,CASSLPRGIVNEKLFF,1.0,CASSLPPGLRNEKLFF,20.0,CASSLLRGTRNEKLFF
32,CASSLVPGRQNEKLFF,25.0,CASSLMLGLPNEKLFF,1.0,CASSLVPGGNNEKLFF,18.0,CASSLPGGSLNEKLFF,1.0,CASSLPPGRANEKLFF,20.0,CASSLPAGTRNEKLFF
32,CASSLVGGLRNEKLFF,25.0,CASSLIRGRGNEKLFF,1.0,CASSLVPGDVNEKLFF,18.0,CASSLRVGARNEKLFF,1.0,CASSLPRGIGNEKLFF,20.0,CASSLPPGLRNEKLFF
32,CASSLVRGRANEKLFF,25.0,CASSLTLGSANEKLFF,1.0,CASSLVAGVVNEKLFF,18.0,CASSLRLGGENEKLFF,1.0,CASSLPTGIINEKLFF,20.0,CASSLPTGGINEKLFF
32,CASSLALGRLNEKLFF,25.0,CASSLTTGRVNEKLFF,1.0,CASSLVPGARNEKLFF,18.0,CASSLRPGITNEKLFF,1.0,CASSLPTGGRNEKLFF,20.0,CASSLPSGTGNEKLFF
32,CASSLARGVANEKLFF,25.0,CASSLSTGSRNEKLFF,1.0,CASSLVPGMMNEKLFF,18.0,CASSLRTGSPNEKLFF,1.0,CASSLPRGGRNEKLFF,20.0,CASSLRPGGGNEKLFF
32,CASSLALGIGNEKLFF,25.0,CASSLSTGSINEKLFF,1.0,CASSLVPGNGNEKLFF,18.0,CASSLRSGVRNEKLFF,1.0,CASSLRPGLGNEKLFF,20.0,CASSLRAGVGNEKLFF
32,CASSLGPGITNEKLFF,25.0,CASSLRGGLPNEKLFF,1.0,CASSLVRGVVNEKLFF,18.0,CASSLRRGGVNEKLFF,1.0,CASSLRPGDVNEKLFF,20.0,CASSLVLGLPNEKLFF
32,CASSLIAGRANEKLFF,24.0,CASSLPPGVGNEKLFF,1.0,CASSLVGGVPNEKLFF,18.0,CASSLRVGVANEKLFF,1.0,CASSLRPGKSNEKLFF,20.0,CASSLARGMPNEKLFF
32,CASSLITGITNEKLFF,24.0,CASSLRMGLPNEKLFF,1.0,CASSLVPGLANEKLFF,18.0,CASSLRGGRGNEKLFF,1.0,CASSLRPGEVNEKLFF,20.0,CASSLAAGASNEKLFF
32,CASSLTTGTTNEKLFF,24.0,CASSLRLGLMNEKLFF,1.0,CASSLVPGRANEKLFF,18.0,CASSLVIGAPNEKLFF,1.0,CASSLRVGRLNEKLFF,20.0,CASSLGTGRGNEKLFF
32,CASSLTTGMRNEKLFF,24.0,CASSLRPGLRNEKLFF,1.0,CASSLVPGATNEKLFF,18.0,CASSLVTGIGNEKLFF,1.0,CASSLRMGITNEKLFF,20.0,CASSLISGRRNEKLFF
32,CASSLTIGAMNEKLFF,24.0,CASSLQPGAANEKLFF,1.0,CASSLVPGNRNEKLFF,18.0,CASSLATGVANEKLFF,1.0,CASSLRRGRTNEKLFF,20.0,CASSLTAGSPNEKLFF
32,CASSLTLGPSNEKLFF,24.0,CASSLQPGDKNEKLFF,1.0,CASSLVPGNDNEKLFF,18.0,CASSLAVGSSNEKLFF,1.0,CASSLRPGPLNEKLFF,20.0,CASSLTGGVSNEKLFF
32,CASSLTVGATNEKLFF,24.0,CASSLVVGVINEKLFF,1.0,CASSLVTGPTNEKLFF,18.0,CASSLATGIGNEKLFF,1.0,CASSLRPGVENEKLFF,20.0,CASSLTTGTRNEKLFF
32,CASSLSPGLLNEKLFF,24.0,CASSLVPGLLNEKLFF,1.0,CASSLAPGLNNEKLFF,18.0,CASSLGLGVRNEKLFF,1.0,CASSLRPGAPNEKLFF,20.0,CASSLTAGRSNEKLFF
32,CASSLSPGRSNEKLFF,24.0,CASSLAPGRMNEKLFF,1.0,CASSLAPGLGNEKLFF,18.0,CASSLGMGLVNEKLFF,1.0,CASSLRPGTSNEKLFF,20.0,CASSLTGGRVNEKLFF
32,CASSLRLGTSNEKLFF,24.0,CASSLATGRMNEKLFF,1.0,CASSLAPGAVNEKLFF,18.0,CASSLGRGTRNEKLFF,1.0,CASSLRPGTLNEKLFF,20.0,CASSLSPGTTNEKLFF
32,CASSLRPGRTNEKLFF,24.0,CASSLAVGRANEKLFF,1.0,CASSLAPGARNEKLFF,18.0,CASSLMRGVRNEKLFF,1.0,CASSLRPGSSNEKLFF,20.0,CASSLRIGIVNEKLFF
31,CASSLLPGAENEKLFF,24.0,CASSLASGSRNEKLFF,1.0,CASSLAPGGENEKLFF,18.0,CASSLMIGVRNEKLFF,1.0,CASSLRTGVINEKQFF,20.0,CASSLRIGGVNEKLFF
31,CASSLLVGSVNEKLFF,24.0,CASSLGRGRGNEKLFF,1.0,CASSLAPGIQNEKLFF,18.0,CASSLMSGSGNEKLFF,1.0,CASSLRTGAINEKLFF,19.0,CASSLLLGVTNEKLFF
31,CASSLPVGRRNEKLFF,24.0,CASSLGMGLPNEKLFF,1.0,CASSLASGSTNEKLFF,18.0,CASSLISGRRNEKLFF,1.0,CASSLRRGTRNEKLFF,19.0,CASSLPLGRPNEKLFF
31,CASSLPIGRINEKLFF,24.0,CASSLMPGLINEKLFF,1.0,CASSLALGTPNEKLFF,18.0,CASSLIRGSRNEKLFF,1.0,CASSLRRGVGNEKLFF,19.0,CASSLAAGGANEKLFF
31,CASSLRRGTRNEKLFF,24.0,CASSLMIGPTNEKLFF,1.0,CASSLAPGATNEKLFF,18.0,CASSLTPGVPNEKLFF,1.0,CASSLRPGTPNEKLFF,19.0,CASSLAVGAPNEKLFF
31,CASSLRAGTGNEKLFF,24.0,CASSLMRGVANEKLFF,1.0,CASSLAPGITNEKLFF,18.0,CASSLTLGTINEKLFF,1.0,CASSLRPGNGNEKLFF,19.0,CASSLILGLGNEKLFF
31,CASSLRRGMRNEKLFF,24.0,CASSLTIGPGNEKLFF,1.0,CASSLAPGSINEKLFF,18.0,CASSLTPGLANEKLFF,1.0,CASSLRPGNKNEKLFF,19.0,CASSLTVGLGNEKLFF
31,CASSLVAGSTNEKLFF,24.0,CASSLTIGTGNEKLFF,1.0,CASSLAPGVANEKLFF,18.0,CASSLTPGTMNEKLFF,1.0,CASSLRPGRANEKLFF,19.0,CASSLTRGITNEKLFF
31,CASSLVTGSMNEKLFF,24.0,CASSLTIGRRNEKLFF,1.0,CASSLAGGSVNEKLFF,18.0,CASSLTVGGSNEKLFF,1.0,CASSLRRGGRNEKLFF,19.0,CASSLTPGRSNEKLFF
31,CASSLAGGSTNEKLFF,24.0,CASSLTIGRRNEKLFF,1.0,CASSLAPGNVNEKLFF,18.0,CASSLTGGIVNEKLFF,1.0,CASSLRRGIVNEKLFF,19.0,CASSLTRGRSNEKLFF
31,CASSLGRGLGNEKLFF,24.0,CASSLTVGMRNEKLFF,1.0,CASSLAVGLVNEKLFF,18.0,CASSLTIGTRNEKLFF,1.0,CASSLRVGALNEKLFF,19.0,CASSLTPGGENEKLFF
31,CASSLIAGISNEKLFF,24.0,CASSLTRGIPNEKLFF,1.0,CASSLAAGTRNEKLFF,18.0,CASSLSAGTINEKLFF,1.0,CASSLRTGRRNEKLFF,19.0,CASSLTPGTMNEKLFF
31,CASSLIIGTRNEKLFF,24.0,CASSLTAGAVNEKLFF,1.0,CASSLAAGRRNEKLFF,18.0,CASSLSGGTLNEKLFF,1.0,CASSLRTGISNEKLFF,19.0,CASSLRLGARNEKLFF
31,CASSLTPGGSNEKLFF,24.0,CASSLSSGSRNEKLFF,1.0,CASSLAMGARNEKLFF,18.0,CASSLSTGVGNEKLFF,1.0,CASSLRTGGRNEKLFF,18.0,CASSLLPGEENEKLFF
31,CASSLTAGAPNEKLFF,24.0,CASSLRRGVPNEKLFF,1.0,CASSLAIGSPNEKLFF,18.0,CASSLSRGLTNEKLFF,1.0,CASSLRTGRRNEKLFF,18.0,CASSLLGGGRNEKLFF
31,CASSLTLGPRNEKLFF,24.0,CASSLRPGIRNEKLFF,1.0,CASSLATGIRNEKLFF,18.0,CASSLRVGIINEKLFF,1.0,CASSLRTGAGNEKLFF,18.0,CASSLPRGPVNEKLFF
31,CASSLTPGGPNEKLFF,24.0,CASSLRVGPTNEKLFF,1.0,CASSLATGSTNEKLFF,18.0,CASSLRRGPRNEKLFF,1.0,CASSLRTGIANEKLFF,18.0,CASSLVSGSPNEKLFF
31,CASSLTAGGINEKLFF,24.0,CASSLRTGTMNEKLFF,1.0,CASSLATGVRNEKLFF,18.0,CASSLRIGGVNEKLFF,1.0,CASSLRSGTVNEKLFF,18.0,CASSLVVGVPNEKLFF
31,CASSLTTGGINEKLFF,24.0,CASSLNPGQRNEKLFF,1.0,CASSLASGVANEKLFF,18.0,CASSLRTGLPNEKLFF,1.0,CASSLHPGRKNEKLFF,18.0,CASSLTTGRTNEKLFF
31,CASSLRLGSANEKLFF,23.0,CASSLLRGVANEKLFF,1.0,CASSLARGGRNEKLFF,17.0,CASSLPLGTTNEKLFF,1.0,CASSLHPGHTNEKLFF,18.0,CASSLRLGRPNEKLFF
31,CASSLRVGGRNEKLFF,23.0,CASSLLPGLANEKLFF,1.0,CASSLARGTGNEKLFF,17.0,CASSLPRGPSNEKLFF,1.0,CASSLHPGATNEKLFF,18.0,CASSLNPGTVNEKLFF
31,CASSLRVGGRNEKLFF,23.0,CASSLLSGPPNEKLFF,1.0,CASSLAPGPDNEKLFF,17.0,CASSLPRGAGNEKLFF,1.0,CASSLHPGATNEKLFF,17.0,CASSLPGGRPNEKLFF
30,CASSLLGGMTNEKLFF,23.0,CASSLPPGVRNEKLFF,1.0,CASSLAPGPTNEKLFF,17.0,CASSLPTGGRNEKLFF,1.0,CASSLHPGGQNEKLFF,17.0,CASSLPTGISNEKLFF
30,CASSLRLGVANEKLFF,23.0,CASSLPIGRINEKLFF,1.0,CASSLAPGHENEKLFF,17.0,CASSLPRGPVNEKLFF,1.0,CASSLHPGGENEKLFF,17.0,CASSLPRGIINEKLFF
30,CASSLRAGLLNEKLFF,23.0,CASSLPRGTGNEKLFF,1.0,CASSLAPGTPNEKLFF,17.0,CASSLRVGRTNEKLFF,1.0,CASSLHPGSLNEKLFF,17.0,CASSLRPGSGNEKLFF
30,CASSLRAGIGNEKLFF,23.0,CASSLPRGAGNEKLFF,1.0,CASSLAPGTKNEKLFF,17.0,CASSLRLGGRNEKLFF,1.0,CASSLHPGRENEKLFF,17.0,CASSLRRGPSNEKLFF
30,CASSLRAGTSNEKLFF,23.0,CASSLPVGVANEKLFF,1.0,CASSLAPGSDNEKLFF,17.0,CASSLRPGSPNEKLFF,1.0,CASSLHPGKLNEKLFF,17.0,CASSLRSGVANEKLFF
30,CASSLVPGPGNEKLFF,23.0,CASSLRRGIANEKLFF,1.0,CASSLAPGRDNEKLFF,17.0,CASSLVLGSINEKLFF,1.0,CASSLQPGGENEKLFF,17.0,CASSLVTGGPNEKLFF
30,CASSLVIGPSNEKLFF,23.0,CASSLRLGVSNEKLFF,1.0,CASSLAPGSINEKLFF,17.0,CASSLVGGILNEKLFF,1.0,CASSLQPGIANEKLFF,17.0,CASSLAGGLLNEKLFF
30,CASSLARGITNEKLFF,23.0,CASSLRIGGGNEKLFF,1.0,CASSLAPGLANEKLFF,17.0,CASSLAGGSTNEKLFF,1.0,CASSLQPGNINEKLFF,17.0,CASSLAPGIVNEKLFF
30,CASSLAGGRGNEKLFF,23.0,CASSLRLGVTNEKLFF,1.0,CASSLAVGIRNEKLFF,17.0,CASSLAGGGTNEKLFF,1.0,CASSLQPGNPNEKLFF,17.0,CASSLGPGLNNEKLFF
30,CASSLATGVINEKLFF,23.0,CASSLRPGTVNEKLFF,1.0,CASSLAVGLTNEKLFF,17.0,CASSLAPGRINEKLFF,1.0,CASSLQPGKRNEKLFF,17.0,CASSLGVGIRNEKLFF
30,CASSLALGVSNEKLFF,23.0,CASSLRVGTGNEKLFF,1.0,CASSLAGGVGNEKLFF,17.0,CASSLAPGPRNEKLFF,1.0,CASSLQPGRPNEKLFF,17.0,CASSLISGTINEKLFF
30,CASSLAPGLRNEKLFF,23.0,CASSLRAGVVNEKLFF,1.0,CASSLAGGAPNEKLFF,17.0,CASSLAAGLPNEKLFF,1.0,CASSLQPGRLNEKLFF,17.0,CASSLITGPGNEKLFF
30,CASSLAGGAANEKLFF,23.0,CASSLRIGGANEKLFF,1.0,CASSLAIGARNEKLFF,17.0,CASSLAAGTRNEKLFF,1.0,CASSLQPGVNNEKLFF,17.0,CASSLTMGRRNEKLFF
30,CASSLGGGVPNEKLFF,23.0,CASSLVPGILNEKLFF,1.0,CASSLGPGLTNEKLFF,17.0,CASSLAGGPGNEKLFF,1.0,CASSLQPGAINEKLFF,17.0,CASSLTIGTGNEKLFF
30,CASSLGVGIVNEKLFF,23.0,CASSLVAGLPNEKLFF,1.0,CASSLGPGSPNEKLFF,17.0,CASSLAIGSANEKLFF,1.0,CASSLQPGDKNEKLFF,17.0,CASSLTPGVLNEKLFF
30,CASSLIPGRANEKLFF,23.0,CASSLVRGMINEKLFF,1.0,CASSLGPGNENEKLFF,17.0,CASSLGLGLVNEKLFF,1.0,CASSLQPGTINEKLFF,17.0,CASSLTPGLINEKLFF
30,CASSLMVGTINEKLFF,23.0,CASSLAVGVRNEKLFF,1.0,CASSLGPGAANEKLFF,17.0,CASSLGRGVANEKLFF,1.0,CASSLQPGNMNEKLFF,17.0,CASSLTRGRLNEKLFF
30,CASSLMTGRRNEKLFF,23.0,CASSLAPGTTNEKLFF,1.0,CASSLGGGRRNKKLFF,17.0,CASSLILGVANEKLFF,1.0,CASSLVLGGLNEKLFF,17.0,CASSLSGGGINEKLFF
30,CASSLIRGMPNEKLFF,23.0,CASSLAGGIRNEKLFF,1.0,CASSLGSGLPNEKLFF,17.0,CASSLIPGAPNEKLFF,1.0,CASSLVPGPGNEKLFF,17.0,CASSLRSGLRNEKLFF
30,CASSLTVGARNEKLFF,23.0,CASSLATGGRNEKLFF,1.0,CASSLGPGGANEKLFF,17.0,CASSLMGGSTNEKLFF,1.0,CASSLVPGPINEKLFF,16.0,CASSLRPGAINEKLFF
30,CASSLTGGGVNEKLFF,23.0,CASSLAPGVTNEKLFF,1.0,CASSLGPGKSNEKLFF,17.0,CASSLIRGIINEKLFF,1.0,CASSLVPGVKNEKLFF,16.0,CASSLRTGGTNEKLFF
30,CASSLTMGRRNEKLFF,23.0,CASSLGPGRTNEKLFF,1.0,CASSLGPGIGNEKLFF,17.0,CASSLITGMINEKLFF,1.0,CASSLVPGAPNEKLFF,16.0,CASSLAGGGTNEKLFF
30,CASSLTTGIRNEKLFF,23.0,CASSLGGGALNEKLFF,1.0,CASSLGAGTLNEKLFF,17.0,CASSLTRGPVNEKLFF,1.0,CASSLVPGEGNEKLFF,16.0,CASSLILGGLNEKLFF
30,CASSLTAGLGNEKLFF,23.0,CASSLGRGLPNEKLFF,1.0,CASSLGTGPANEKLFF,17.0,CASSLTTGATNEKLFF,1.0,CASSLVPGTPNEKLFF,16.0,CASSLIGGASNEKLFF
30,CASSLTIGPRNEKLFF,23.0,CASSLGLGLSNEKLFF,1.0,CASSLGPGLVNEKLFF,17.0,CASSLTSGLINEKLFF,1.0,CASSLVPGTGNEKLFF,16.0,CASSLIAGTTNEKLFF
30,CASSLTAGPRNEKLFF,23.0,CASSLGPGGRNEKLFF,1.0,CASSLGPGRVNEKLFF,17.0,CASSLTGGLTNEKLFF,1.0,CASSLVPGRLNEKLFF,16.0,CASSLIRGRVNEKLFF
30,CASSLTAGTPNEKLFF,23.0,CASSLGVGGGNEKLFF,1.0,CASSLGPGAENEKLFF,17.0,CASSLTIGVANEKLFF,1.0,CASSLVPGDDNEKLFF,16.0,CASSLTSGRANEKLFF
30,CASSLTGGLRNEKLFF,23.0,CASSLIGGPTNEKLFF,1.0,CASSLGPGAANEKLFF,17.0,CASSLTPGSTNEKLFF,1.0,CASSLVPGMHNEKLFF,16.0,CASSLTRGRTNEKLFF
30,CASSLSGGVTNEKLFF,23.0,CASSLIVGVPNEKLFF,1.0,CASSLGPGGPNEKLFF,17.0,CASSLTGGIRNEKLFF,1.0,CASSLVTGSLNEKLFF,16.0,CASSLTAGLTNEKLFF
30,CASSLSSGLGNEKLFF,23.0,CASSLIGGVVNEKLFF,1.0,CASSLGPGGGNEKLFF,17.0,CASSLTMGIGNEKLFF,1.0,CASSLVPGRKNEKLFF,16.0,CASSLTGGGANEKLFF
30,CASSLRLGTINEKLFF,23.0,CASSLIRGAVNEKLFF,1.0,CASSLGPGIANEKLFF,17.0,CASSLSGGASNEKLFF,1.0,CASSLVPGQTNEKLFF,16.0,CASSLSTGMTNEKLFF
30,CASSLRTGIPNEKLFF,23.0,CASSLIRGVVNEKLFF,1.0,CASSLGPGRTNEKLFF,17.0,CASSLSTGIGNEKLFF,1.0,CASSLVPGSDNEKLFF,15.0,CASSLPGGALNEKLFF
30,CASSLKPGTLNEKLFF,23.0,CASSLTIGVPNEKLFF,1.0,CASSLGPGKANEKLFF,17.0,CASSLSRGTVNEKLFF,1.0,CASSLVPGRENEKLFF,15.0,CASSLRMGAANEKLFF
29,CARSLGTGVRNEKLFF,23.0,CASSLTTGRANEKLFF,1.0,CASSLGPGAINEKLFF,17.0,CASSLSGGSRNEKLFF,1.0,CASSLVAGRVNEKLFF,15.0,CASSLVLGRPNEKLFF
29,CASSLPLGSRNEKLFF,23.0,CASSLTTGPRNEKLFF,1.0,CASSLGAGLRNEKLFF,17.0,CASSLSTGAANEKLFF,1.0,CASSLVAGSPNEKLFF,15.0,CASSLVAGPLNEKLFF
29,CASSLPRGSRNEKLFF,23.0,CASSLTTGIRNEKLFF,1.0,CASSLGIGIVNEKLFF,17.0,CASSLRPGRANEKLFF,1.0,CASSLVGGIGNEKLFF,15.0,CASSLVRGTLNEKLFF
29,CASSLPVGRRNEKLFF,23.0,CASSLTLGVRNEKLFF,1.0,CASSLGIGTPNEKLFF,17.0,CASSLRPGGINEKLFF,1.0,CASSLVPGPDNEKLFF,15.0,CASSLIPGPANEKLFF
29,CASSLPMGSTNEKLFF,23.0,CASSLTRGTINEKLFF,1.0,CASSLDPGLANEKLFF,17.0,CASSLRRGSLNEKLFF,1.0,CASSLVPGRGNEKLFF,15.0,CASSLIPGPLNEKLFF
29,CASSLPSGVANEKLFF,23.0,CASSLSAGRTNEKLFF,1.0,CASSLDPGPGNEKLFF,17.0,CASSLRAGVTNEKLFF,1.0,CASSLVPGAANEKLFF,15.0,CASSLMGGGINEKLFF
29,CASSLPRGPINEKLFF,23.0,CASSLSMGPRNEKLFF,1.0,CASSLDPGPTNEKLFF,17.0,CASSLRSGRGNEKLFF,1.0,CASSLVPGPGNEKLFF,15.0,CASSLIAGLTNEKLFF
29,CASSLPTGGINEKLFF,23.0,CASSLRAGVTNEKLFF,1.0,CASSLDPGVANEKLFF,17.0,CASSLRPGRPNEKLFF,1.0,CASSLVTGIINEKLFF,15.0,CASSLTPGEPNEKLFF
29,CASSLRGGGRNEKLFF,23.0,CASSLRLGLPNEKLFF,1.0,CASSLDPGDANEKLFF,17.0,CASSIAPGDSNEKLFF,1.0,CASSLAPGHQNEKLFF,15.0,CASSLTTGTRNEKLFF
29,CASSLVTGRLNEKLFF,22.0,CASSLLPGDMNEKLFF,1.0,CASSLDPGRANEKLFF,16.0,CASSLAPGTTNEKLFF,1.0,CASSLAPGGVNEKLFF,15.0,CASSLSAGVPNEKLFF
29,CASSLALGGRNEKLFF,22.0,CASSLLGGPVNEKLFF,1.0,CASSLDPGKLNGKLFF,16.0,CASSLLLGSGNEKLFF,1.0,CASSLAPGSTNEKLFF,15.0,CASSLRAGLINEKLFF
29,CASSLAGGRVNEKLFF,22.0,CASSLLLGRPNEKLFF,1.0,CASSLEPGPENEKLFF,16.0,CASSLLVGGPNEKLFF,1.0,CASSLAIGVANEKLFF,15.0,CASSLRLGGTNEKLFF
29,CASSLATGIRNEKLFF,22.0,CASSLLAGRRNEKLFF,1.0,CASSLEPGPINEKLFF,16.0,CASSLLGGLANEKLFF,1.0,CASSLAPGLNNEKLFF,15.0,CASSLRRGRTNEKLFF
29,CASSLAVGSRNEKLFF,22.0,CASSLLTGRLNEKLFF,1.0,CASSLEPGAENEKLFF,16.0,CASSLPLGIPNEKLFF,1.0,CASSLAPGQNNEKLFF,14.0,CASSLHPGVANEKLFF
29,CASSLGNGPRNEKLFF,22.0,CASSLLVGRANEKLFF,1.0,CASSLEPGGRNEKLFF,16.0,CASSLPIGMRNEKLFF,1.0,CASSLAPGAKNEKLFF,14.0,CASSLGPGSTNEKLFF
29,CASSLGSGRRNEKLFF,22.0,CASSLPLGGLNEKLFF,1.0,CASSLEPGIVNEKLFF,16.0,CASSLPTGSRNEKLFF,1.0,CASSLAPGEGNEKLFF,14.0,CASSLIPGRPNEKLFF
29,CASSLIPGTGNEKLFF,22.0,CASSLPIGRSNEKLFF,1.0,CASSLEPGKRNEKLFF,16.0,CASSLRLGTRNEKLFF,1.0,CASSLAPGITNEKLFF,14.0,CASSLITGPGNEKLFF
29,CASSLITGTRNEKLFF,22.0,CASSLPPGVMNEKLFF,1.0,CASSLEPGAGNEKLFF,16.0,CASSLRLGRRNEKLFF,1.0,CASSLAPGSVNEKLFF,14.0,CASSLTGGRGNEKLFF
29,CASSLMIGTLNEKLFF,22.0,CASSLPRGRANEKLFF,1.0,CASSLEPGGLNEKLFF,16.0,CASSLRRGGLNEKLFF,1.0,CASSLAPGATNEKLFF,14.0,CASSLTGGRRNEKLFF
29,CASSLTIGIRNEKLFF,22.0,CASSLPMGRLNEKLFF,1.0,CASSLEPGSGNEKLFF,16.0,CASSLRAGRVNEKLFF,1.0,CASSLAPGSRNEKLFF,13.0,CASSLRTGAMNEKLFF
29,CASSLTRGTVNEKLFF,22.0,CASSLPTGRGNEKLFF,1.0,CASSLILGRLNEKLFF,16.0,CASSLRTGRPNEKLFF,1.0,CASSLAVGMGNEKLFF,13.0,CASSLVGGMGNEKLFF
29,CASSLTIGLSNEKLFF,22.0,CASSLPRGTANEKLFF,1.0,CASSLIPGRNNEKLFF,16.0,CASSLRTGGPNEKLFF,1.0,CASSLARGLPNEKLFF,13.0,CASSLTRGGANEKLFF
29,CASSLTRGLTNEKLFF,22.0,CASSLRPGTINEKLFF,1.0,CASSLIAGVVNEKLFF,16.0,CASSLHPGTANEKLFF,1.0,CASSLAPGGRNEKLFF,13.0,CASSLRTGLRNEKLFF
29,CASSLSVGIRNEKLFF,22.0,CASSLRRGTRNEKLFF,1.0,CASSLIMGPGNEKLFF,16.0,CASSLQPGENNEKLFF,1.0,CASSLAPGGKNEKLFF,13.0,CASSLRGGGTNEKLFF
29,CASSLSTGVINEKLFF,22.0,CASSLRVGIPNEKLFF,1.0,CASSLIPGGGNEKLFF,16.0,CASSLVVGLSNEKLFF,1.0,CASSLAPGIENEKLFF,13.0,CASSLRGGPINEKLFF
29,CASSLRIGRTNEKLFF,22.0,CASSLRAGIGNEKLFF,1.0,CASSLIPGEINEKLFF,16.0,CASSLAPGTVNEKLFF,1.0,CASSLAPGGRNEKLFF,12.0,CASSLPGGLGNEKLFF
29,CASSLRMGRMNEKLFF,22.0,CASSLVPGVSNEKLFF,1.0,CASSLIPGSKNEKLFF,16.0,CASSLARGRVNEKLFF,1.0,CASSLAVGAPNEKLFF,12.0,CASSLPRGIINEKLFF
28,CASSLPIGRRNEKLFF,22.0,CASSLASGSTNEKLFF,1.0,CASSLIPGRGNEKLFF,16.0,CASSLAVGRGNEKLFF,1.0,CASSLAAVISNEKLFF,12.0,CASSLVRGSGNEKLFF
28,CASSLPPGGLNEKLFF,22.0,CASSLAPGEVNEKLFF,1.0,CASSLIPGAPNEKLFF,16.0,CASSLAPGRRNEKLFF,1.0,CASSLAGGTPNEKLFF,12.0,CASSLALGTSNEKLFF
28,CASSLPAGTSNEKLFF,22.0,CASSLAPGMLNEKLFF,1.0,CASSLIRGITNEKLFF,16.0,CASSLARGVINEKLFF,1.0,CASSLAIGIRNEKLFF,12.0,CASSLITGLVNEKLFF
28,CASSLPGGITNEKLFF,22.0,CASSLALGLVNEKLFF,1.0,CASSLIRGGTNEKLFF,16.0,CASSLATGRANEKLFF,1.0,CASSLAMGSINEKLFF,12.0,CASSLISGRTNEKLFF
28,CASSLPTGRINEKLFF,22.0,CASSLAPGVANEKLFF,1.0,CASSLIRGGVNEKLFF,16.0,CASSLGPGEDNEKLFF,1.0,CASSLATGGRNEKLFF,12.0,CASSLITGSTNEKLFF
28,CASSLPRGGRNEKLFF,22.0,CASSLATGIVNEKLFF,1.0,CASSLIRGGGNEKLFF,16.0,CASSLGPGSVNEKLFF,1.0,CASSLAPGPLNEKLFF,11.0,CASSLRLGGRNEKLFF
28,CASSLRLGRTNEKLFF,22.0,CASSLGGGTSNEKLFF,1.0,CASSLMPGSRNEKLFF,16.0,CASSLGVGLGNEKLFF,1.0,CASSLAPGTLNEKLFF,11.0,CASSLGRGPINEKLFF
28,CASSLRRGAVNEKLFF,22.0,CASSLGPGTANEKLFF,1.0,CASSLMPGGINEKLFF,16.0,CASSLGTGVPNEKLFF,1.0,CASSLAPGTTNEKLFF,11.0,CASSLTVGTLNEKLFF
28,CASSLRPGATNEKLFF,22.0,CASSLGAGTRNEKLFF,1.0,CASSLMRGMPNEKLFF,16.0,CASSLILGVGNEKLFF,1.0,CASSLAPGMRNEKLFF,10.0,CASSLVPGGANEKLFF
28,CASSLRRGRRNEKLFF,22.0,CASSLGTGVANEKLFF,1.0,CASSLMAGTTNEKLIF,16.0,CASSLIRGRRNEKLFF,1.0,CASSLAVGSRNEKLFF,10.0,CASSLTRGRVNEKLFF
28,CASSLRVGVANEKLFF,22.0,CASSLDPGSTNEKLFF,1.0,CASSLMGGASNEKLFF,16.0,CASSLIPGGTNEKLFF,1.0,CASSLATGPINEKLFF,9.0,CASSLLPGLDNEKLFF
28,CASSLRTGMPNEKLFF,22.0,CASSLIPGPTNEKLFF,1.0,CASSLMTGGMNEKLFF,16.0,CASSLTRGPRNEKLFF,1.0,CASSLATGGGNEKLFF,9.0,CASSLPMGIRNEKLFF
28,CASSLVPGRKNEKLFF,22.0,CASSLIAGLVNEKLFF,1.0,CASSLMRGGRNEKLFF,16.0,CASSLTIGPSNEKLFF,1.0,CASSLGPGHRNEKLFF,9.0,CASSLTRGRRNEKLFF
28,CASSLVAGRVNEKLFF,22.0,CASSLIIGGRNEKLFF,1.0,CASSLIPGIRNEKLFF,16.0,CASSLTTGIPNEKLFF,1.0,CASSLGPGVGNEKLFF,9.0,CASSLTAGRPNEKLFF
28,CASSLVAGRINEKLFF,22.0,CASSLTLGIPNEKLFF,1.0,CASSLIPGLANEKLFF,16.0,CASSLTRGSANEKLFF,1.0,CASSLGPGRNNEKLFF,9.0,CASSLSGGVANEKLFF
28,CASSLAGGRGNEKLFF,22.0,CASSLTSGIGNEKLFF,1.0,CASSLIVGMRNEKLFF,16.0,CASSLTLGRINEKLFF,1.0,CASSLGPGRNNEKLFF,8.0,CASSLVVGRPNEKLFF
28,CASSLATGGRNEKLFF,22.0,CASSLTGGLVNEKLFF,1.0,CASSLIIGLRNEKLFF,16.0,CASSLSPGTRNEKLFF,1.0,CASSLGPGNDNEKLFF,8.0,CASSLTRGRLNEKLFF
28,CASSLATGRPNEKLFF,22.0,CASSLTSGTANEKLFF,1.0,CASSLIRGRGNEKLFF,16.0,CASSLSRGPANEKLFF,1.0,CASSLGSGIANEKLFF,8.0,CASSLRVGIRNEKLFF
28,CASSLAIGGRNEKLFF,22.0,CASSLTVGTSNEKLFF,1.0,CASSLTPGEGNEKLFF,16.0,CASSLSSGIPNEKLFF,1.0,CASSLGPGHNNEKLFF,6.0,CASSLAPGSTNEKLFF
28,CASSLGPGPTNEKLFF,22.0,CASSLTAGVRNEKLFF,1.0,CASSLTPGTTNEKLFF,16.0,CASSLRVGGRNEKLFF,1.0,CASSLGAGLRNEKLFF,6.0,CASSLAPGATNEKLFF
28,CASSLGIGPRNEKLFF,22.0,CASSLTAGTTNEKLFF,1.0,CASSLTPGKVNEKLFF,16.0,CASSLRAGGVNEKLFF,1.0,CASSLGGGVPNEKLFF,6.0,CASSLTIGSGNEKLFF
28,CASSLGLGSRNEKLFF,22.0,CASSLTAGTGNEKLFF,1.0,CASSLTRGGVNEKLFF,16.0,CASSLRGGPMNEKLFF,1.0,CASSLGIGASNEKLFF,6.0,CASSLSVGTSNEKLFF
28,CASSLGVGRANEKLFF,22.0,CASSLTTGITNEKLFF,1.0,CASSLTAGILNEKLFF,16.0,CASSLRGGSTNEKLFF,1.0,CASSLGMGIRNEKLFF,6.0,CASSLRLGSANEKLFF
28,CASSLEPGLVNEKLFF,22.0,CASSLTTGIVNEKLFF,1.0,CASSLTGGRPNEKLFF,16.0,CASSLRTGIRNEKLFF,1.0,CASSLGPGPNNEKLFF,6.0,CASSLRVGSGNEKLFF
28,CASSLIAGVRNEKLFF,22.0,CASSLSGGLINEKLFF,1.0,CASSLTTGPMNEKLFF,15.0,CASSLLTGSRNEKLFF,1.0,CASSLGPGVTNEKLFF,5.0,CASSLVRGRRNEKLFF
28,CASSLIGGAPNEKLFF,22.0,CASSLSLGTANEKLFF,1.0,CASSLTRGIPNEKLFF,15.0,CASSLLVGVANEKLFF,1.0,CASSLGPGDVNEKLFF,5.0,CASSLAPGTTNEKLFF
28,CASSLMPGSPNEKLFF,22.0,CASSLSSGALNEKLFF,1.0,CASSLTPGLENEKLFF,15.0,CASSLPRGTRNEKLFF,1.0,CASSLGPGERNEKLFF,5.0,CASSLAPGITNEKLFF
28,CASSLTTGITNEKLFF,22.0,CASSLRLGSANEKLFF,1.0,CASSLTPGAVNEKLFF,15.0,CASSLPTGIRNEKLFF,1.0,CASSLGPGSLNEKLFF,5.0,CASSLDPGRQNEKLFF
28,CASSLTIGRINEKLFF,22.0,CASSLRPGRANEKLFF,1.0,CASSLTPGEVNEKLFF,15.0,CASSLPGGRTNEKLFF,1.0,CASSLGMGRRNEKLFF,4.0,CASSLPPGIANEKLFF
28,CASSLTAGPRNEKLFF,22.0,CASSLRGGSTNEKLFF,1.0,CASSLTPGRGNEKLFF,15.0,CASSLPMGGRNEKLFF,1.0,CASSLGRGPANEKLFF,4.0,CASSLAPGATNEKLFF
28,CASSLTGGSGNEKLFF,22.0,CASSLRIGRTNEKLFF,1.0,CASSLTPGVRNEKLFF,15.0,CASSLPRGGTNEKLFF,1.0,CASSLGPGVENEKLFF,4.0,CASSLDPGPGNEKLFF
28,CASSLTTGIANEKLFF,22.0,CASSLRLGGTNEKLFF,1.0,CASSLTRGGPNEKLFF,15.0,CASSLPIGGRNEKLFF,1.0,CASSLGPGDRNEKLFF,4.0,CASSLTPGILNEKLFF
28,CASSLTRGAGNEKLFF,22.0,CASSLRVGRINEKLFF,1.0,CASSLTAGLRNEKLFF,15.0,CASSLPIGSMNEKLFF,1.0,CASSLGPGKANEKLFF,4.0,CASSLSLGRRNEKLFF
28,CASSLTPGSTNEKLFF,22.0,CASSLRTGVTNEKLFF,1.0,CASSLTGGRLNEKLFF,15.0,CASSLPTGAVNEKLFF,1.0,CASSLGGGPPNEKLFF,4.0,CASSLSPGSTNEKLFF
28,CASSLTRGSVNEKLFF,22.0,CASSLRTGIGNEKLFF,1.0,CASSLTGGVSNEKLFF,15.0,CASSLPRGGRNEKLFF,1.0,CASSLGTGSPNEKLFF,3.0,CASSLLPGASNEKLFF
28,CASSLTGGLRNEKLFF,21.0,CASSLLGGIPNEKLFF,1.0,CASSLTIGALNEKLFF,15.0,CASSLRVGPSNEKLFF,1.0,CASSLDPGRVNEKLFF,3.0,CASSLLPGTTNEKLFF
28,CASSLTGGRVNEKLFF,21.0,CASSLLPGGSNEKLFF,1.0,CASSLTTGVRNEKLFF,15.0,CASSLRRGILNEKLFF,1.0,CASSLDPGRTNEKLFF,3.0,CASSLLMGGRNEKLFF
28,CASSLTTGTPNEKLFF,21.0,CASSLLRGVANEKLFF,1.0,CASSLTRGALNEKLFF,15.0,CASSLRTGMRNEKLFF,1.0,CASSLDPGPGNEKLFF,3.0,CASSLPPGAVNEKLFF
28,CASSLRPGRVNEKLFF,21.0,CASSLLGGGRNEKLFF,1.0,CASSLTRGIMNEKLFF,15.0,CASSLVPGTPNEKLFF,1.0,CASSLDPGAHNEKLFF,3.0,CASSLPPGVRNEKLFF
28,CASSLRPGTLNEKLFF,21.0,CASSLLIGLANEKLFF,1.0,CASSLTRGRLNEKLFF,15.0,CASSLVVGVLNEKLFF,1.0,CASSLDPGDLNEKLFF,3.0,CASSLPRGVRNEKLFF
28,CASSLRAGSRNEKLFF,21.0,CASSLLAGRINEKLFF,1.0,CASSLTLGRGNEKLFF,15.0,CASSLVAGAPNEKLFF,1.0,CASSLEPGPENEKLFF,3.0,CASSLRTGITNEKLFF
27,CASSLLGGSINEKLFF,21.0,CASSLPRGRGNEKLFF,1.0,CASSLTPGRENEKLFF,15.0,CASSLVTGASNEKLFF,1.0,CASSLEPGTANEKLFF,3.0,CASSLRTGTGNEKLFF
27,CASSLLRGGANEKLFF,21.0,CASSLPAGMGNEKLFF,1.0,CASSLTPGTTNEKLFF,15.0,CASSLARGGRNEKLFF,1.0,CASSLEPGPDNEKLFF,3.0,CASSLHPGLRNEKLFF
27,CASSLPRGGVNEKLFF,21.0,CASSLPGGGVNEKLFF,1.0,CASSLTPGTVNEKLFF,15.0,CASSLAGGRLNEKLFF,1.0,CASSLEPGPQNEKLFF,3.0,CASSLHPGGNNEKLFF
27,CASSLPSGGSNEKLFF,21.0,CASSLPGGIRNEKLFF,1.0,CASSLTPGSRNEKLFF,15.0,CASSLGPGLLNEKLFF,1.0,CASSLEPGADNEKLFF,3.0,CASSLVPGAVNEKLFF
27,CASSLPLGVGNEKLFF,21.0,CASSLPPGGRNEKLFF,1.0,CASSLTAGAPNEKLFF,15.0,CASSLGPGIGNEKLFF,1.0,CASSLEPGGANEKLFF,3.0,CASSLVPGGRNEKLFF
27,CASSLPIGGLNEKLFF,21.0,CASSLPMGIPNEKLFF,1.0,CASSLTGGSVNEKLFF,15.0,CASSLGLGGGNEKLFF,1.0,CASSLEPGIRNEKLFF,3.0,CASSLVPGIINEKLFF
27,CASSLPGGRANEKLFF,21.0,CASSLPTGATNEKLFF,1.0,CASSLTTGGANEKLFF,15.0,CASSLGSGGLNEKLFF,1.0,CASSLEPGRSNEKLFF,3.0,CASSLAIGSTNEKLFF
27,CASSLPRGVVNEKLFF,21.0,CASSLRRGTANEKLFF,1.0,CASSLTSGIANEKLFF,15.0,CASSLILGRRNEKLFF,1.0,CASSLIPGVTNEKLFF,3.0,CASSLAPGAVNEKLFF
27,CASSLRGGTRNEKLFF,21.0,CASSLRVGPRNEKLFF,1.0,CASSLTRGRTNEKLFF,15.0,CASSLIGGGRNEKLFF,1.0,CASSLIPGRINEKLFF,3.0,CASSLAPGTTNEKLFF
27,CASSLRTGLRNEKLFF,21.0,CASSLRVGRRNEKLFF,1.0,CASSLTRGVINEKLFF,15.0,CASSLIRGVPNEKLFF,1.0,CASSLIPGTSNEKLFF,3.0,CASSLGRGPLNEKLFF
27,CASSLRVGRGNEKLFF,21.0,CASSLRRGGLNEKLFF,1.0,CASSLTPGHGNEKLFF,15.0,CASSLIPGPGNEKLFF,1.0,CASSLISGTPNEKLFF,3.0,CASSLDPGDHNEKLFF
27,CASSLRSGPPNEKLFF,21.0,CASSLRVGARNEKLFF,1.0,CASSLTPGAHNEKLFF,15.0,CASSLIGGGTNEKLFF,1.0,CASSLIPGGDNEKLFF,3.0,CASSLIPGLKNEKLFF
27,CASSLVGGGTNEKLFF,21.0,CASSLRVDIPNEKLFF,1.0,CASSLTPGTGNEKLFF,15.0,CASSLIIGRGNEKLFF,1.0,CASSLIPGRPNEKLFF,3.0,CASSLMIGTTNEKLFF
27,CASSLVAGLPNEKLFF,21.0,CASSLRGGRTNEKLFF,1.0,CASSLTPGVPNEKLFF,15.0,CASSLTVGTLNEKLFF,1.0,CASSLIPGRGNEKLFF,3.0,CASSLTGGIVNEKLFF
27,CASSLAGGSVNEKLFF,21.0,CASSLRIGSVNEKLFF,1.0,CASSLTRGTTNEKLFF,15.0,CASSLTPGAGNEKLFF,1.0,CASSLISGRTNEKLFF,3.0,CASSLTIGAGNEKLFF
27,CASSLAVGLGNEKLFF,21.0,CASSLVRGIRNEKLFF,1.0,CASSLTRGTRNEKLFF,15.0,CASSLTPGVINEKLFF,1.0,CASSLIRGIINEKLFF,3.0,CASSLSRGSRNEKLFF
27,CASSLGGGAVNEKLFF,21.0,CASSLVTGPTNEKLFF,1.0,CASSLTVGPSNEKLFF,15.0,CASSLTIGGANEKLFF,1.0,CASSLMPGALNEKLFF,3.0,CASSLRPGARNEKLFF
27,CASSLGAGRGNEKLFF,21.0,CASSLAPGTLNEKLFF,1.0,CASSLTAGAINEKLFF,15.0,CASSLTTGPPNEKLFF,1.0,CASSLMPGDRNEKLFF,3.0,CASSLRVGARNEKLFF
27,CASSLGTGRINEKLFF,21.0,CASSLAPGRTNEKLFF,1.0,CASSLTAGVANEKLFF,15.0,CASSLTTGSLNEKLFF,1.0,CASSLMPGSPNEKLFF,3.0,CASSLRAGARNEKLFF
27,CASSLILGRVNEKLFF,21.0,CASSLAPGTVNEKLFF,1.0,CASSLTAGRRNEKLFF,15.0,CASSLTRGPRNEKLFF,1.0,CASSLMPGRTNEKLFF,3.0,CASSLKPGKGNEKLFF
27,CASSLILGVANEKLFF,21.0,CASSLARGVVNEKLFF,1.0,CASSLTGGIVNEKLFF,15.0,CASSLTPGRRNEKLFF,1.0,CASSLMAGPRNEKLFF,3.0,SASSLTAGTSNEKLFF
27,CASSLIPGPLNEKLFF,21.0,CASSLAGGLTNEKLFF,1.0,CASSLTIGPINEKLFF,15.0,CASSLTAGVTNEKLFF,1.0,CASSLMIGTLNEKLFF,2.0,CVSSLAGGRPNEKLFF
27,CASSLIPGAVNEKLFF,21.0,CASSLAIGSRNEKLFF,1.0,CASSLTIGPPNEKLFF,15.0,CASSLTGGIANEKLFF,1.0,CASSLIPGRHNEKLFF,2.0,CVSSLRLGALNEKLFF
27,CASSLIGGRPNEKLFF,21.0,CASSLAVGLVNEKLFF,1.0,CASSLTTGPPNEKLFF,15.0,CASSLTTGAGNEKLFF,1.0,CASSLIPGRNNEKLFF,2.0,CASSLLPGVANEKLFF
27,CASSLTRGLRNEKLFF,21.0,CASSLAVGSGNEKLFF,1.0,CASSLTTGLPNEKLFF,15.0,CASSLSIGRANEKLFF,1.0,CASSLIGGPANEKLFF,2.0,CASSLLPGPRNEKLFF
27,CASSLTVGTVNEKLFF,21.0,CASSLAAGLGNEKLFF,1.0,CASSLTSGRSNEKLFF,15.0,CASSLRPGRGNEKLFF,1.0,CASSLIIGRGNEKLFF,2.0,CASSLLMGTPNEKLFF
27,CASSLTTGVLNEKLFF,21.0,CASSLATGRANEKLFF,1.0,CASSLTSGMTNEKLFF,15.0,CASSLRPGIRNEKLFF,1.0,CASSLITGIPNEKLFF,2.0,CASSLLMGRVNEKLFF
27,CASSLTPGVPNEKLFF,21.0,CASSLARGPMNEKLFF,1.0,CASSLSPGGTNEKLFF,15.0,CASSLRRGSMNEKLFF,1.0,CASSLIRGVRNEKLFF,2.0,CASSLLRGRVNEKLFF
27,CASSLTTGTRNEKLFF,21.0,CASSLGMGGLNEKLFF,1.0,CASSLSPGGRNEKLFF,15.0,CASSLRMGLLNEKLFF,1.0,CASSLTLGGMNEKLFF,2.0,CASSLLLGGGNEKLFF
27,CASSLRIGLINEKLFF,21.0,CASSLGAGLRNEKLFF,1.0,CASSLSPGTTNEKLFF,15.0,CASSLRTGAGNEKLFF,1.0,CASSLTPGLVNEKLFF,2.0,CASSLLPGRRNEKLFF
27,CASSLRIGATNEKLFF,21.0,CASSLGMGIGNEKLFF,1.0,CASSLSAGGRNEKLFF,15.0,CASSLRLGIPNEKLFF,1.0,CASSLTPGTRNEKLFF,2.0,CASSLLIGRINEKLFF
26,CASSLRRGRINEKLFF,21.0,CASSLGRGAINEKLFF,1.0,CASSLSRGVTNEKLFF,15.0,CASSLRPGSPNEKLFF,1.0,CASSLTPGTTNEKLFF,2.0,CASSLPPGPDNEKLFF
26,CASSLLPGLGNEKLFF,21.0,CASSLMRGGINEKLFF,1.0,CASSLSRGAMNEKLFF,14.0,CASSLLGGSINEKLFF,1.0,CASSLTPGSVNEKLFF,2.0,CASSLPPGPENEKLFF
26,CASSLLPGGSNEKLFF,21.0,CASSLMGGVINEKLFF,1.0,CASSLSPGPSNEKLFF,14.0,CASSLLPGARNEKLFF,1.0,CASSLTPGRTNEKLFF,2.0,CASSLPVGTRNEKLFF
26,CASSLLGGVTNEKLFF,21.0,CASSLIGGGRNEKLFF,1.0,CASSLSPGDVNEKLFF,14.0,CASSLLVGPENEKLFF,1.0,CASSLTRGGRNEKLFF,2.0,CASSLPRGRRNEKLFF
26,CASSLLTGVTNEKLFF,21.0,CASSLTLGGTNEKLFF,1.0,CASSLSGGRPNEKLFF,14.0,CASSLPPGGRNEKLFF,1.0,CASSLTIGRLNEKLFF,2.0,CASSLPLGRSNEKLFF
26,CASSLLPGRGNEKLFF,21.0,CASSLTVGVGNEKLFF,1.0,CASSLSGGSRNEKLFF,14.0,CASSLPRGTGNEKLFF,1.0,CASSLTIGSPNEKLFF,2.0,CASSLPPGGANEKLFF
26,CASSLLVGVANEKLFF,21.0,CASSLTVGMANEKLFF,1.0,CASSLSGGTRNEKLFF,14.0,CASSLPRGSRNEKLFF,1.0,CASSLTTGTTNEKLFF,2.0,CASSLPPGRSNEKLFF
26,CASSLLTGPPNEKLFF,21.0,CASSLTAGPSNEKLFF,1.0,CASSLSSGRANEKLFF,14.0,CASSLPTGPSNEKLFF,1.0,CASSLTTGMRNEELFF,2.0,CASSLRPGMLNEKLFF
26,CASSLPMGSANEKLFF,21.0,CASSLTIGMGNEKLFF,1.0,CASSLRPGRVNEKLFF,14.0,CASSLPGGRRNEKLFF,1.0,CASSLTPGNQNEKLFF,2.0,CASSLRRGRVNEKLFF
26,CASSLPPGRENEKLFF,21.0,CASSLTTGTVNEKLFF,1.0,CASSLRPGAGNEKLFF,14.0,CASSLRRGLTNEKLFF,1.0,CASSLTVGPSNEKLFF,2.0,CASSLRGGRMNEKLFF
26,CASSLPPGIGNEKLFF,21.0,CASSLTSGRANEKLFF,1.0,CASSLRPGPINEKLFF,14.0,CASSLRAGITNEKLFF,1.0,CASSLTVGISNEKLFF,2.0,CASSLRTGTLNEKLFF
26,CASSLPRGPPNEKLFF,21.0,CASSLTRGRGNEKLFF,1.0,CASSLRAGLANEKLFF,14.0,CASSLRTGVINEKLFF,1.0,CASSLTAGIRNEKLFF,2.0,CASSLRPGLQNEKLFF
26,CASSLRRGPRNEKLFF,21.0,CASSLTLGIVNEKLFF,1.0,CASSLRGGPINEKLFF,14.0,CASSLRTGAVNEKLFF,1.0,CASSLTAGSTNEKLFF,2.0,CASSLHPGPVNEKLFF
26,CASSLRAGGRNEKLFF,21.0,CASSLTLGGRNEKLFF,1.0,CASSLRGGITNEKLFF,14.0,CASSLRTGAGNEKLFF,1.0,CASSLTAGRANEKLFF,2.0,CASSLHPGQTNEKLFF
26,CASSLRRGIRNEKLFF,21.0,CASSLTPGSVNEKLFF,1.0,CASSLRIGRVNEKLFF,14.0,CASSLARGVGNEKLFF,1.0,CASSLTGGATNEKLFF,2.0,CASSLHPGDVNEKLFF
26,CASSLRVGALNEKLFF,21.0,CASSLTAGLGNEKLFF,1.0,CASSLRMGRSNEKLFF,14.0,CASSLGIGLTNEKLFF,1.0,CASSLTTGATNEKLFF,2.0,CASSLVPGLGNEKLFF
26,CASSLVGGRRNEKLFF,21.0,CASSLTTGGPNEKLFF,1.0,CASSLRIGSANEKLFF,14.0,CASSLGIGTPNEKLFF,1.0,CASSLTRGMGNEKLFF,2.0,CASSLVPGPKNEKLFF
26,CASSLAIGLRNEKLFF,21.0,CASSLSPGSTNEKLFF,1.0,CASSLRLGTINEKLFF,14.0,CASSLIAGLGNEKLFF,1.0,CASSLTLGRSNEKLFF,2.0,CASSLVPGPVNEKLFF
26,CASSLAPGGVNEKLFF,21.0,CASSLSPGALNEKLFF,1.0,CASSLRPGATNEKLFF,14.0,CASSLIRGGANEKLFF,1.0,CASSLTPGPDNEKLFF,2.0,CASSLVPGIVNEKLFF
26,CASSLAPGISNEKLFF,21.0,CASSLSTGTRNEKLFF,1.0,CASSLRPGETNEKLFF,14.0,CASSLITGTVNEKLFF,1.0,CASSLTPGQRNEKLFF,2.0,CASSLVPGNVNEKLFF
26,CASSLAPGAGNEKLFF,21.0,CASSLSLGGSNEKLFF,1.0,CASSLRPGIGNEKLFF,14.0,CASSLITGVTNEKLFF,1.0,CASSLTPGMGNEKLFF,2.0,CASSLVPGDPNEKLFF
26,CASSLAIGRLNEKLFF,21.0,CASSLSPGTTNEKLFF,1.0,CASSLRPGLRNEKLFF,14.0,CASSLTTGAGNEKLFF,1.0,CASSLTVGLTNEKLFF,2.0,CASSLAPGPQNEKLFF
26,CASSLATGAANEKLFF,21.0,CASSLSSGIGNEKLFF,1.0,CASSLRRGAANEKLFF,14.0,CASSLTLGGVNEKLFF,1.0,CASSLTVGPGNEKLFF,2.0,CASSLAPGPANEKLFF
26,CASSLGPGLVNEKLFF,21.0,CASSLRLGTLNEKLFF,1.0,CASSLRVGARNEKLFF,14.0,CASSLTPGRGNEKLFF,1.0,CASSLTAGIRNEKLFF,2.0,CASSLAPGASNEKLFF
26,CASSLGPGISNEKLFF,21.0,CASSLRPGLANEKLFF,1.0,CASSLRVGTTNEKLFF,14.0,CASSLTRGSPNEKLFF,1.0,CASSLTGGTINEKLFF,2.0,CASSLAPGATNEKLFF
26,CASSLGSGRPNEKLFF,21.0,CASSLRTGRINEKLFF,1.0,CASSLRAGGANEKLFF,14.0,CASSLTRGVPNEKLFF,1.0,CASSLTIGSPNEKLFF,2.0,CASSLAPGATNEKLFF
26,CASSLMRGVRNEKLFF,21.0,CASSLRLGITNEKLFF,1.0,CASSLRAGSINEKLFF,14.0,CASSLTTGRANEKLFF,1.0,CASSLTTGIPNEKLFF,2.0,CASSLAPGATNEKLFF
26,CASSLIIGSINEKLFF,20.0,CASSLLIGGRNEKLFF,1.0,CASSLRTGTINEKLFF,14.0,CASSLTTGRVNEKLFF,1.0,CASSLTTGAGNEKLFF,2.0,CASSLASGILNEKLFF
26,CASSLTPGLSNEKLFF,20.0,CASSLLRGVGNEKLFF,1.0,CASSLRTGTSNEKLFF,14.0,CASSLTPGGGNEKLFF,1.0,CASSLTTGILNEKLFF,2.0,CASSLAPGIRNEKLFF
26,CASSLTVGILNEKLFF,20.0,CASSLLRGRVNEKLFF,1.0,CASSLNPGAHNEKLFF,14.0,CASSLTSGLINEKLFF,1.0,CASSLTPGRGNEKLFF,2.0,CASSLGTGRTNEKLFF
26,CASSLTGSGINEKLFF,20.0,CASSLLGGATNEKLFF,1.0,CASSLNPGTANEKLFF,14.0,CASSLSRGAMNEKLFF,1.0,CASSLTPGHKNEKLFF,2.0,CASSLGRGIRNEKLFF
26,CASSLTRGALNEKLFF,20.0,CASSLPPGSRNEKLFF,1.0,CASSLNPGPRNEKLFF,14.0,CASSLRAGSGNEKLFF,1.0,CASSLTPGRRNEKLFF,2.0,CASSLDPGGANEKLFF
26,CASSLTPGSRNEKLFF,20.0,CASSLPTGPVNEKLFF,1.0,CASSLNPGPENEKLFF,14.0,CASSLRMGRSNEKLFF,1.0,CASSLTPGRENEKLFF,2.0,CASSLDPGDDNEKLFF
26,CASSLTVGVTNEKLFF,20.0,CASSLPAGLANEKLFF,1.0,CASSLNPGVANEKLFF,14.0,CASSLRPGVRNEKLFF,1.0,CASSLTRGIMNEKLFF,2.0,CASSLDPGSRNEKLFF
26,CASSLTAGIMNEKLFF,20.0,CASSLPMGTRNEKLFF,1.0,CASSLNPGVGNEKLFF,13.0,CASSLLSGVVNEKLFF,1.0,CASSLTVGLRNEKLFF,2.0,CASSLEPGEINEKLFF
26,CASSLTGGGANEKLFF,20.0,CASSLPRGGINEKLFF,1.0,CASSLKPGQSNEKLFF,13.0,CASSLPAGMGNEKLFF,1.0,CASSLTIGAGNEKLFF,2.0,CASSLEPGGDNEKLFF
26,CASSLTIGPINEKLFF,20.0,CASSLPGGAINEKLFF,1.0,CASSLKPGGGNEKLFF,13.0,CASSLPIGAVNEKLFF,1.0,CASSLTIGVINEKLFF,2.0,CASSLEPGKKNEKLFF
26,CASSLTIGSLNEKLFF,20.0,CASSLRLGGINEKLFF,1.0,CASSLKPGDLNEKLFF,13.0,CASSLPTGVSNEKLFF,1.0,CASSLTTGLVNEKLFF,2.0,CASSLILGRPNEKLFF
26,CASSLTIGGMNEKLFF,20.0,CASSLRAGLRNEKLFF,1.0,CASSLKPGLNNEKLFF,13.0,CASSLPTGLINEKLFF,1.0,CASSLTTGMMNEKLFF,2.0,CASSLIPGDINEKLFF
26,CASSLTRGRRNEKLFF,20.0,CASSLRAGITNEKLFF,1.0,CASSLKPGPGNEKLFF,13.0,CASSLPSGGTNEKLFF,1.0,CASSLSPGHRNEKLFF,2.0,CASSLIRGGRNEKLFF
26,CASSLSLGSRNEKLFF,20.0,CASSLRTGAINEKLFF,1.0,CASSLKPGVANEKLFF,13.0,CASSLRIGVRNEKLFF,1.0,CASSLSPGGDNEKLFF,2.0,CASSLMPGGGNEKLFF
26,CASSLSVGIRNEKLFF,20.0,CASSLRTGRPNEKLFF,1.0,CASSLKPGVENEKLFF,13.0,CASSLRLGVGNEKLFF,1.0,CASSLSPGERNEKLFF,2.0,CASSLIPGDVNEKLFF
26,CASSLRLGATNEKLFF,20.0,CASSLRRGAVNEKLFF,1.0,CASSLKPGAPNEKLFF,13.0,CASSLRPGCLNEKLFF,1.0,CASSLSAGGRNEKLFF,2.0,CASSLIRGRVNEKLFF
26,CASSLRLGRANEKLFF,20.0,CASSLRLGPANEKLFF,1.0,CASSLKPGAANEKLFF,13.0,CASSLRIGILNEKLFF,1.0,CASSLSTGPRNEKLFF,2.0,CASSLITGLTNEKLFF
26,CASSLRPGPINEKLFF,20.0,CASSLRPGELNEKLFF,1.0,CASSLKPGTGNEKLFF,13.0,CASSLRRGGINEKLFF,1.0,CASSLSSGVRNEKLFF,2.0,CASSLTPGLRNEKLFF
26,CASSLRGGTTNEKLFF,20.0,CASSLRAGRGNEKLFF,1.0,CASSLKPGNVNEKLFF,13.0,CASSLQPGGPNEKLFF,1.0,CASSLSPGAENEKLFF,2.0,CASSLTPGNTNEKLFF
26,CASSLRTGGTNEKLFF,20.0,CASSLRPGVGNEKLFF,1.0,CASSLRGGSTNEKLFF,13.0,CASSLVAGVVNEKLFF,1.0,CASSLSPGGRNEKLFF,2.0,CASSLTAGLRNEKLFF
26,CASSLRSGGRNEKLFF,20.0,CASSLRVGLTNEKLFF,1.0,CTSSLGIGTRNEKLFF,13.0,CASSLVGGTTNEKLFF,1.0,CASSLSPGTINEKLFF,2.0,CASSLTAGVINEKLFF
25,CASGLRTGRGNEKLFF,20.0,CASSLRIGTINEKLFF,1.0,CTSSLRPGGPNEKLFF,13.0,CASSLVMGGRNEKLFF,1.0,CASSLSPGNGNEKLFF,2.0,CASSLTIGLSNEKLFF
