cloneId	cloneCount	cloneFraction	targetSequences	targetQualities	allVHitsWithScore	allDHitsWithScore	allJHitsWithScore	allCHitsWithScore	allVAlignments	allDAlignments	allJAlignments	allCAlignments	nSeqFR1	minQualFR1	nSeqCDR1	minQualCDR1	nSeqFR2	minQualFR2	nSeqCDR2	minQualCDR2	nSeqFR3	minQualFR3	nSeqCDR3	minQualCDR3	nSeqFR4	minQualFR4	aaSeqFR1	aaSeqCDR1	aaSeqFR2	aaSeqCDR2	aaSeqFR3	aaSeqCDR3	aaSeqFR4	refPoints
0	8465.0	0.05697382502002329	TGTGCCAGCAGCTTAGCTCCTGGTGCTACCAATGAAAAACTGTTTTTT	HHHGHHHHHHHHHHHHGHGHHHHHHHHHHHHHHHGHHHHHHGGHHHHH	TRBV7-6*00(1394.3)		TRBJ1-4*00(232.3)		430|447|467|0|17||85.0		18|43|71|23|48|SA21TST24C|93.0												TGTGCCAGCAGCTTAGCTCCTGGTGCTACCAATGAAAAACTGTTTTTT	38								CASSLAPGATNEKLFF		:::::::::0:0:17:::::23:2:48:::
1	4016.0	0.027029755614933672	TGTGCCAGCAGCCTCGCTCCTGGTACCAACAATGAAAAACTGTTTTTT	HHHGHHHGHHGGGGGHGHGHHHHHGHHHHHHHHHGHHHHHHGGHHHHH	TRBV7-6*00(1369.8)		TRBJ1-4*00(229.4)		430|442|467|0|12||60.0		25|43|71|30|48||90.0												TGTGCCAGCAGCCTCGCTCCTGGTACCAACAATGAAAAACTGTTTTTT	38								CASSLAPGTNNEKLFF		:::::::::0:-5:12:::::30:-5:48:::
2	3091.0	0.020804027541274896	TGTGCCAGCAGCATCGCTCCTGGTAACAACAATGAAAAACTGTTTTTT	HHHGHHHHHHGGHGGHGHGHHHHHHHHHHHHHHHGHHHHHHGGHHHHH	TRBV7-6*00(1369.7)		TRBJ1-4*00(229.2)		430|442|467|0|12||60.0		25|43|71|30|48||90.0												TGTGCCAGCAGCATCGCTCCTGGTAACAACAATGAAAAACTGTTTTTT	38								CASSIAPGNNNEKLFF		:::::::::0:-5:12:::::30:-5:48:::
3	2741.0	0.01844834664853914	TGTGCCAGCAGCCTCGCTCCTGGTAACACCAATGAAAAACTGTTTTTT	HHHGHHHGHHGGGGGHGHGHHHHHGHGHHHHHHHGHHHHHHGGHHHHH	TRBV7-6*00(1360.7)		TRBJ1-4*00(229.2)		430|442|467|0|12||60.0		25|43|71|30|48||90.0												TGTGCCAGCAGCCTCGCTCCTGGTAACACCAATGAAAAACTGTTTTTT	38								CASSLAPGNTNEKLFF		:::::::::0:-5:12:::::30:-5:48:::
4	2537.0	0.017075321213916018	TGTGCCAGCAGCATGGCTCCTGGTAACACCAATGAAAAACTGTTTTTT	HHHGHHHHHHHHHHGHGHGHHHHHGHGHHHHHHHGHHHHHHGGHHHHH	TRBV7-6*00(1370.3)		TRBJ1-4*00(229.2)		430|442|467|0|12||60.0		25|43|71|30|48||90.0												TGTGCCAGCAGCATGGCTCCTGGTAACACCAATGAAAAACTGTTTTTT	38								CASSMAPGNTNEKLFF		:::::::::0:-5:12:::::30:-5:48:::
5	2214.0	0.014901364275762736	TGTGCCAGCAGCCTCGCTCCTGGTATCACCAATGAAAAACTGTTTTTT	HHHGHHHGHHGGGGGHGHGHHHHHHHGHHHHHHHGHHHHHHGGHHHHH	TRBV7-6*00(1366.5)		TRBJ1-4*00(229.4)		430|442|467|0|12||60.0		25|43|71|30|48||90.0												TGTGCCAGCAGCCTCGCTCCTGGTATCACCAATGAAAAACTGTTTTTT	38								CASSLAPGITNEKLFF		:::::::::0:-5:12:::::30:-5:48:::
6	2208.0	0.014860981174744409	TGTGCCAGCAGCCTCGCTCCTGGTAACATCAATGAAAAACTGTTTTTT	HHHGHHHGHHGGGGGHGHGHHHHHHHHHHHHHHHGHHHHHHGGHHHHH	TRBV7-6*00(1369.2)		TRBJ1-4*00(229.4)		430|442|467|0|12||60.0		25|43|71|30|48||90.0												TGTGCCAGCAGCCTCGCTCCTGGTAACATCAATGAAAAACTGTTTTTT	38								CASSLAPGNINEKLFF		:::::::::0:-5:12:::::30:-5:48:::
7	2123.0	0.01428888724365144	TGTGCCAGCAGCCTCGCTCCTGGTATCAACAATGAAAAACTGTTTTTT	HHHGHHHGHHGGGGGHGHGHHHHHHHHHHHHHHHGHHHHHHGGHHHHH	TRBV7-6*00(1372.2)		TRBJ1-4*00(229.4)		430|442|467|0|12||60.0		25|43|71|30|48||90.0												TGTGCCAGCAGCCTCGCTCCTGGTATCAACAATGAAAAACTGTTTTTT	38								CASSLAPGINNEKLFF		:::::::::0:-5:12:::::30:-5:48:::
8	1890.0	0.012720676820773068	TGTGCCAGCAGCATCGCTCCTGGTACCAACAATGAAAAACTGTTTTTT	HHHGHHHHHHGGHGGHGHGHHHHHGHHHHHHHHHGHHHHHHGGHHHHH	TRBV7-6*00(1365.7)		TRBJ1-4*00(229.2)		430|442|467|0|12||60.0		25|43|71|30|48||90.0												TGTGCCAGCAGCATCGCTCCTGGTACCAACAATGAAAAACTGTTTTTT	38								CASSIAPGTNNEKLFF		:::::::::0:-5:12:::::30:-5:48:::
9	1823.0	0.01226973219273508	TGTGCCAGCAGCCTCGCTCCTGGTGTCACCAATGAAAAACTGTTTTTT	HHHGHHHGHHGGGGGHGHGHHGHHHHGHHHHHHHGHHHHHHGGHHHHH	TRBV7-6*00(1367.1)		TRBJ1-4*00(229.3)		430|442|467|0|12||60.0		25|43|71|30|48||90.0												TGTGCCAGCAGCCTCGCTCCTGGTGTCACCAATGAAAAACTGTTTTTT	38								CASSLAPGVTNEKLFF		:::::::::0:-5:12:::::30:-5:48:::
10	1787.0	0.012027433586625117	TGTGCCAGCAGCTTCGCTCCTGGTAACACCAATGAAAAACTGTTTTTT	HHHGHHHHHHGGGGGHGHGHHHHHGHGHHHHHHHGHHHHHHGGHHHHH	TRBV7-6*00(1380.6)		TRBJ1-4*00(229.4)		430|444|467|0|14||70.0		25|43|71|30|48||90.0												TGTGCCAGCAGCTTCGCTCCTGGTAACACCAATGAAAAACTGTTTTTT	38								CASSFAPGNTNEKLFF		:::::::::0:-3:14:::::30:-5:48:::
11	1757.0	0.011825518081533481	TGTGCCAGCAGCCTCGCTCCTGGTGCCAACAATGAAAAACTGTTTTTT	HHHGHHHGHHGGGGGHGHGHHGHHHHHHHHHHHHGHHHHHHGGHHHHH	TRBV7-6*00(1372.6)		TRBJ1-4*00(229.3)		430|442|467|0|12||60.0		25|43|71|30|48||90.0												TGTGCCAGCAGCCTCGCTCCTGGTGCCAACAATGAAAAACTGTTTTTT	38								CASSLAPGANNEKLFF		:::::::::0:-5:12:::::30:-5:48:::
12	1746.0	0.011751482396333215	TGTGCCAGCAGCATCGCTCCTGGTAACACCAATGAAAAACTGTTTTTT	HHHGHHHHHHGGHGGHGHGHHHHHGHGHHHHHHHGHHHHHHGGHHHHH	TRBV7-6*00(1372.8)		TRBJ1-4*00(229.3)		430|442|467|0|12||60.0		25|43|71|30|48||90.0												TGTGCCAGCAGCATCGCTCCTGGTAACACCAATGAAAAACTGTTTTTT	38								CASSIAPGNTNEKLFF		:::::::::0:-5:12:::::30:-5:48:::
13	1723.0	0.011596680509096293	TGTGCCAGCAGCATCGCTCCTGGTGCCACCAATGAAAAACTGTTTTTT	HHHGHHHHHHGGHGGHGHGHHGHHHGGHHHHHHHGHHHHHHGGHHHHH	TRBV7-6*00(1369.5)		TRBJ1-4*00(232.3)		430|442|467|0|12||60.0		18|43|71|23|48|SA21CST24C|93.0												TGTGCCAGCAGCATCGCTCCTGGTGCCACCAATGAAAAACTGTTTTTT	38								CASSIAPGATNEKLFF		:::::::::0:-5:12:::::23:2:48:::
14	1687.0	0.01135438190298633	TGTGCCAGCAGCTTCGCTCCTGGTATCACCAATGAAAAACTGTTTTTT	HHHGHHHHHHGGGGGHGHGHHHHHHHGHHHHHHHGHHHHHHGGHHHHH	TRBV7-6*00(1377.8)		TRBJ1-4*00(229.4)		430|444|467|0|14||70.0		25|43|71|30|48||90.0												TGTGCCAGCAGCTTCGCTCCTGGTATCACCAATGAAAAACTGTTTTTT	38								CASSFAPGITNEKLFF		:::::::::0:-3:14:::::30:-5:48:::
15	1648.0	0.011091891746367204	TGTGCCAGCAGCCTGGCTCCTGGTACCAACAATGAAAAACTGTTTTTT	HHHGHHHGHHHHHHGHGHGHHHHHGHHHHHHHHHGHHHHHHGGHHHHH	TRBV7-6*00(1370.8)		TRBJ1-4*00(229.4)		430|442|467|0|12||60.0		25|43|71|30|48||90.0												TGTGCCAGCAGCCTGGCTCCTGGTACCAACAATGAAAAACTGTTTTTT	38								CASSLAPGTNNEKLFF		:::::::::0:-5:12:::::30:-5:48:::
16	1511.0	0.010169810939782066	TGTGCCAGCAGCCTCGCTCCTGGTATCATCAATGAAAAACTGTTTTTT	HHHGHHHGHHGGGGGHGHGHHHHHHHHHHHHHHHGHHHHHHGGHHHHH	TRBV7-6*00(1367.5)		TRBJ1-4*00(229.4)		430|442|467|0|12||60.0		25|43|71|30|48||90.0												TGTGCCAGCAGCCTCGCTCCTGGTATCATCAATGAAAAACTGTTTTTT	38								CASSLAPGIINEKLFF		:::::::::0:-5:12:::::30:-5:48:::
17	1507.0	0.010142888872436515	TGTGCCAGCAGCATCGCTCCTGGTATCAACAATGAAAAACTGTTTTTT	HHHGHHHHHHGGHGGHGHGHHHHHHHHHHHHHHHGHHHHHHGGHHHHH	TRBV7-6*00(1375.9)		TRBJ1-4*00(229.4)		430|442|467|0|12||60.0		25|43|71|30|48||90.0												TGTGCCAGCAGCATCGCTCCTGGTATCAACAATGAAAAACTGTTTTTT	38								CASSIAPGINNEKLFF		:::::::::0:-5:12:::::30:-5:48:::
18	1406.0	0.00946310667196134	TGTGCCAGCAGCATCGCTCCTGGTGCCGCCAATGAAAAACTGTTTTTT	HHHGHHHHHHGGHGGHGHGHHGGGGGGHHHHHHHGHHHHHHGGHHHHH	TRBV7-6*00(1374.5)		TRBJ1-4*00(229.6)		430|442|467|0|12||60.0		25|43|71|30|48||90.0												TGTGCCAGCAGCATCGCTCCTGGTGCCGCCAATGAAAAACTGTTTTTT	38								CASSIAPGAANEKLFF		:::::::::0:-5:12:::::30:-5:48:::
19	1396.0	0.009395801503597461	TGTGCCAGCAGCATCGCTCCTGGTAACATCAATGAAAAACTGTTTTTT	HHHGHHHHHHGGHGGHGHGHHHHHHHHHHHHHHHGHHHHHHGGHHHHH	TRBV7-6*00(1372.2)		TRBJ1-4*00(229.4)		430|442|467|0|12||60.0		25|43|71|30|48||90.0												TGTGCCAGCAGCATCGCTCCTGGTAACATCAATGAAAAACTGTTTTTT	38								CASSIAPGNINEKLFF		:::::::::0:-5:12:::::30:-5:48:::
20	1362.0	0.009166963931160274	TGTGCCAGCAGCATCGCTCCTGGTGCCAACAATGAAAAACTGTTTTTT	HHHGHHHHHHGGHGGHGHGHHGHHHHHHHHHHHHGHHHHHHGGHHHHH	TRBV7-6*00(1368.9)		TRBJ1-4*00(229.2)		430|442|467|0|12||60.0		25|43|71|30|48||90.0												TGTGCCAGCAGCATCGCTCCTGGTGCCAACAATGAAAAACTGTTTTTT	38								CASSIAPGANNEKLFF		:::::::::0:-5:12:::::30:-5:48:::
21	1356.0	0.009126580830141947	TGTGCCAGCAGCATCGCTCCTGGTAACGCCAATGAAAAACTGTTTTTT	HHHGHHHHHHGGHGGHGHGHHHGGGGGHHHHHHHGHHHHHHGGHHHHH	TRBV7-6*00(1372.5)		TRBJ1-4*00(229.4)		430|442|467|0|12||60.0		25|43|71|30|48||90.0												TGTGCCAGCAGCATCGCTCCTGGTAACGCCAATGAAAAACTGTTTTTT	38								CASSIAPGNANEKLFF		:::::::::0:-5:12:::::30:-5:48:::
22	1346.0	0.009059275661778068	TGTGCCAGCAGCCTGGCTCCTGGTAACACCAATGAAAAACTGTTTTTT	HHHGHHHGHHHHHHGHGHGHHHHHGHGHHHHHHHGHHHHHHGGHHHHH	TRBV7-6*00(1375.2)		TRBJ1-4*00(229.4)		430|442|467|0|12||60.0		25|43|71|30|48||90.0												TGTGCCAGCAGCCTGGCTCCTGGTAACACCAATGAAAAACTGTTTTTT	38								CASSLAPGNTNEKLFF		:::::::::0:-5:12:::::30:-5:48:::
23	1317.0	0.00886409067352282	TGTGCCAGCAGCCTCGCTCCTGGTGACACCAATGAAAAACTGTTTTTT	HHHGHHHGHHGGGGGHGHGHHHHHHHGHHHHHHHGHHHHHHGGHHHHH	TRBV7-6*00(1266.2)		TRBJ1-4*00(229.2)		430|442|467|0|12||60.0		25|43|71|30|48||90.0												TGTGCCAGCAGCCTCGCTCCTGGTGACACCAATGAAAAACTGTTTTTT	38								CASSLAPGDTNEKLFF		:::::::::0:-5:12:::::30:-5:48:::
24	1247.0	0.00839295449497567	TGTGCCAGCAGCCTCGCTCCTGGTAACGACAATGAAAAACTGTTTTTT	HHHGHHHGHHGGGGGHGHGHHHGHGGGHHHHHHHGHHHHHHGGHHHHH	TRBV7-6*00(1367.6)		TRBJ1-4*00(229.2)		430|442|467|0|12||60.0		25|43|71|30|48||90.0												TGTGCCAGCAGCCTCGCTCCTGGTAACGACAATGAAAAACTGTTTTTT	38								CASSLAPGNDNEKLFF		:::::::::0:-5:12:::::30:-5:48:::
25	1226.0	0.008251613641411524	TGTGCCAGCAGCCTCGCTCCTGGTACCACCAATGAAAAACTGTTTTTT	HHHGHHHGHHGGGGGHGHGHHHHHGGGHHHHHHHGHHHHHHGGHHHHH	TRBV7-6*00(1361.5)		TRBJ1-4*00(229.3)		430|442|467|0|12||60.0		25|43|71|30|48||90.0												TGTGCCAGCAGCCTCGCTCCTGGTACCACCAATGAAAAACTGTTTTTT	38								CASSLAPGTTNEKLFF		:::::::::0:-5:12:::::30:-5:48:::
26	1226.0	0.008251613641411524	TGTGCCAGCAGCCTGGCTCCTGGTACCGACAATGAAAAACTGTTTTTT	HHHGHHHGHHHHHHGHGHGHHHGHGGGHHHHHHHGHHHHHHGGHHHHH	TRBV7-6*00(1371.3)		TRBJ1-4*00(229.4)		430|442|467|0|12||60.0		25|43|71|30|48||90.0												TGTGCCAGCAGCCTGGCTCCTGGTACCGACAATGAAAAACTGTTTTTT	38								CASSLAPGTDNEKLFF		:::::::::0:-5:12:::::30:-5:48:::
27	1198.0	0.008063159169992664	TGTGCCAGCAGCATGGCTCCTGGTACCACCAATGAAAAACTGTTTTTT	HHHGHHHHHHHHHHGHGHGHHHHHGGGHHHHHHHGHHHHHHGGHHHHH	TRBV7-6*00(1370.3)		TRBJ1-4*00(229.3)		430|442|467|0|12||60.0		25|43|71|30|48||90.0												TGTGCCAGCAGCATGGCTCCTGGTACCACCAATGAAAAACTGTTTTTT	38								CASSMAPGTTNEKLFF		:::::::::0:-5:12:::::30:-5:48:::
28	1154.0	0.007767016429191598	TGTGCCAGCAGCATCGCTCCTGGTACCACCAATGAAAAACTGTTTTTT	HHHGHHHHHHGGHGGHGHGHHHHHGGGHHHHHHHGHHHHHHGGHHHHH	TRBV7-6*00(1369.1)		TRBJ1-4*00(229)		430|442|467|0|12||60.0		25|43|71|30|48||90.0												TGTGCCAGCAGCATCGCTCCTGGTACCACCAATGAAAAACTGTTTTTT	38								CASSIAPGTTNEKLFF		:::::::::0:-5:12:::::30:-5:48:::
29	1151.0	0.007746824878682434	TGTGCCAGCAGCATGGCTCCTGGTAGCAACAATGAAAAACTGTTTTTT	HHHGHHHHHHHHHHGHGHGHHHHHHHHHHHHHHHGHHHHHHGGHHHHH	TRBV7-6*00(1373.7)		TRBJ1-4*00(232.6)		430|442|467|0|12||60.0		19|43|71|25|48|DT24|94.0												TGTGCCAGCAGCATGGCTCCTGGTAGCAACAATGAAAAACTGTTTTTT	38								CASSMAPGSNNEKLFF		:::::::::0:-5:12:::::25:1:48:::
30	1148.0	0.007726633328173271	TGTGCCAGCAGCCTGGCTCCTGGTGCCAACAATGAAAAACTGTTTTTT	HHHGHHHGHHHHHHGHGHGHHGHHHHHHHHHHHHGHHHHHHGGHHHHH	TRBV7-6*00(1373.5)		TRBJ1-4*00(229.2)		430|442|467|0|12||60.0		25|43|71|30|48||90.0												TGTGCCAGCAGCCTGGCTCCTGGTGCCAACAATGAAAAACTGTTTTTT	38								CASSLAPGANNEKLFF		:::::::::0:-5:12:::::30:-5:48:::
31	1139.0	0.007666058676645779	TGTGCCAGCAGCCTCGCTCCTGGTAACAACAATGAAAAACTGTTTTTT	HHHGHHHGHHGGGGGHGHGHHHHHHHHHHHHHHHGHHHHHHGGHHHHH	TRBV7-6*00(1368.3)		TRBJ1-4*00(229.4)		430|442|467|0|12||60.0		25|43|71|30|48||90.0												TGTGCCAGCAGCCTCGCTCCTGGTAACAACAATGAAAAACTGTTTTTT	38								CASSLAPGNNNEKLFF		:::::::::0:-5:12:::::30:-5:48:::
32	1127.0	0.007585292474609125	TGTGCCAGCAGCCTGGCTCCTGGTACCATCAATGAAAAACTGTTTTTT	HHHGHHHGHHHHHHGHGHGHHHHHHHHHHHHHHHGHHHHHHGGHHHHH	TRBV7-6*00(1375.6)		TRBJ1-4*00(228.8)		430|442|467|0|12||60.0		25|43|71|30|48||90.0												TGTGCCAGCAGCCTGGCTCCTGGTACCATCAATGAAAAACTGTTTTTT	38								CASSLAPGTINEKLFF		:::::::::0:-5:12:::::30:-5:48:::
33	1124.0	0.007565100924099961	TGTGCCAGCAGCATGGCTCCTGGTGACACCAATGAAAAACTGTTTTTT	HHHGHHHHHHHHHHGHGHGHHHHHHHGHHHHHHHGHHHHHHGGHHHHH	TRBV7-6*00(1371.6)		TRBJ1-4*00(228.9)		430|442|467|0|12||60.0		25|43|71|30|48||90.0												TGTGCCAGCAGCATGGCTCCTGGTGACACCAATGAAAAACTGTTTTTT	38								CASSMAPGDTNEKLFF		:::::::::0:-5:12:::::30:-5:48:::
34	1110.0	0.0074708736883905315	TGTGCCAGCAGCCTCGCTCCTGGTACCGTCAATGAAAAACTGTTTTTT	HHHGHHHGHHGGGGGHGHGHHHGHGGGHHHHHHHGHHHHHHGGHHHHH	TRBV7-6*00(1367.2)		TRBJ1-4*00(229.3)		430|442|467|0|12||60.0		25|43|71|30|48||90.0												TGTGCCAGCAGCCTCGCTCCTGGTACCGTCAATGAAAAACTGTTTTTT	38								CASSLAPGTVNEKLFF		:::::::::0:-5:12:::::30:-5:48:::
35	1101.0	0.007410299036863041	TGTGCCAGCAGCTTCGCTCCTGGTACCAACAATGAAAAACTGTTTTTT	HHHGHHHHHHGGGGGHGHGHHHHHGHHHHHHHHHGHHHHHHGGHHHHH	TRBV7-6*00(1380.9)		TRBJ1-4*00(229.1)		430|444|467|0|14||70.0		25|43|71|30|48||90.0												TGTGCCAGCAGCTTCGCTCCTGGTACCAACAATGAAAAACTGTTTTTT	38								CASSFAPGTNNEKLFF		:::::::::0:-3:14:::::30:-5:48:::
36	1086.0	0.007309341284317223	TGTGCCAGCAGCCTCGCTCCTGGTACCATCAATGAAAAACTGTTTTTT	HHHGHHHGHHGGGGGHGHGHHHHHHHHHHHHHHHGHHHHHHGGHHHHH	TRBV7-6*00(1359.9)		TRBJ1-4*00(229.4)		430|442|467|0|12||60.0		25|43|71|30|48||90.0												TGTGCCAGCAGCCTCGCTCCTGGTACCATCAATGAAAAACTGTTTTTT	38								CASSLAPGTINEKLFF		:::::::::0:-5:12:::::30:-5:48:::
37	1081.0	0.007275688700135284	TGTGCCAGCAGCCTCGCTCCTGGTATCGCCAATGAAAAACTGTTTTTT	HHHGHHHGHHGGGGGHGHGHHHGGGGGHHHHHHHGHHHHHHGGHHHHH	TRBV7-6*00(1369.1)		TRBJ1-4*00(229.4)		430|442|467|0|12||60.0		25|43|71|30|48||90.0												TGTGCCAGCAGCCTCGCTCCTGGTATCGCCAATGAAAAACTGTTTTTT	38								CASSLAPGIANEKLFF		:::::::::0:-5:12:::::30:-5:48:::
38	1075.0	0.007235305599116957	TGTGCCAGCAGCCTGGCTCCTGGTAACAACAATGAAAAACTGTTTTTT	HHHGHHHGHHHHHHGHGHGHHHHHHHHHHHHHHHGHHHHHHGGHHHHH	TRBV7-6*00(1372.3)		TRBJ1-4*00(229.2)		430|442|467|0|12||60.0		25|43|71|30|48||90.0												TGTGCCAGCAGCCTGGCTCCTGGTAACAACAATGAAAAACTGTTTTTT	38								CASSLAPGNNNEKLFF		:::::::::0:-5:12:::::30:-5:48:::
39	1072.0	0.007215114048607792	TGTGCCAGCAGCATGGCTCCTGGTACCAACAATGAAAAACTGTTTTTT	HHHGHHHHHHHHHHGHGHGHHHHHGHHHHHHHHHGHHHHHHGGHHHHH	TRBV7-6*00(1358.9)		TRBJ1-4*00(229.3)		430|442|467|0|12||60.0		25|43|71|30|48||90.0												TGTGCCAGCAGCATGGCTCCTGGTACCAACAATGAAAAACTGTTTTTT	38								CASSMAPGTNNEKLFF		:::::::::0:-5:12:::::30:-5:48:::
40	1055.0	0.007100695262389199	TGTGCCAGCAGCCTGGCTCCTGGTGTCACCAATGAAAAACTGTTTTTT	HHHGHHHGHHHHHHGHGHGHHGHHHHGHHHHHHHGHHHHHHGGHHHHH	TRBV7-6*00(1373.2)		TRBJ1-4*00(229.3)		430|442|467|0|12||60.0		25|43|71|30|48||90.0												TGTGCCAGCAGCCTGGCTCCTGGTGTCACCAATGAAAAACTGTTTTTT	38								CASSLAPGVTNEKLFF		:::::::::0:-5:12:::::30:-5:48:::
41	1025.0	0.006898779757297563	TGTGCCAGCAGCATCGCTCCTGGTGACACCAATGAAAAACTGTTTTTT	HHHGHHHHHHGGHGGHGHGHHHHHHHGHHHHHHHGHHHHHHGGHHHHH	TRBV7-6*00(1369)		TRBJ1-4*00(229.3)		430|442|467|0|12||60.0		25|43|71|30|48||90.0												TGTGCCAGCAGCATCGCTCCTGGTGACACCAATGAAAAACTGTTTTTT	38								CASSIAPGDTNEKLFF		:::::::::0:-5:12:::::30:-5:48:::
42	921.0	0.0061988060063132245	TGTGCCAGCAGCTTCGCTCCTGGTGCCAACAATGAAAAACTGTTTTTT	HHHGHHHHHHGGGGGHGHGHHGHHHHHHHHHHHHGHHHHHHGGHHHHH	TRBV7-6*00(1382.7)		TRBJ1-4*00(229.3)		430|444|467|0|14||70.0		25|43|71|30|48||90.0												TGTGCCAGCAGCTTCGCTCCTGGTGCCAACAATGAAAAACTGTTTTTT	38								CASSFAPGANNEKLFF		:::::::::0:-3:14:::::30:-5:48:::
43	863.0	0.005808436029802728	TGTGCCAGCAGCCTCGCTCCTGGTAACGCCAATGAAAAACTGTTTTTT	HHHGHHHGHHGGGGGHGHGHHHGGGGGHHHHHHHGHHHHHHGGHHHHH	TRBV7-6*00(1370.8)		TRBJ1-4*00(229.3)		430|442|467|0|12||60.0		25|43|71|30|48||90.0												TGTGCCAGCAGCCTCGCTCCTGGTAACGCCAATGAAAAACTGTTTTTT	38								CASSLAPGNANEKLFF		:::::::::0:-5:12:::::30:-5:48:::
44	834.0	0.00561325104154748	TGTGCCAGCAGCGTGGCTCCTGGTGGCAACAATGAAAAACTGTTTTTT	HHHGHHHGGGGGHHGHGHGHHHHHHHHHHHHHHHGHHHHHHGGHHHHH	TRBV7-6*00(1376.1)		TRBJ1-4*00(233.1)		430|442|467|0|12||60.0		19|43|71|25|48|DT24|94.0												TGTGCCAGCAGCGTGGCTCCTGGTGGCAACAATGAAAAACTGTTTTTT	38								CASSVAPGGNNEKLFF		:::::::::0:-5:12:::::25:1:48:::
45	827.0	0.005566137423692765	TGTGCCAGCAGCCTGGCTCCTGGTAACGCCAATGAAAAACTGTTTTTT	HHHGHHHGHHHHHHGHGHGHHHGGGGGHHHHHHHGHHHHHHGGHHHHH	TRBV7-6*00(1371.7)		TRBJ1-4*00(229.4)		430|442|467|0|12||60.0		25|43|71|30|48||90.0												TGTGCCAGCAGCCTGGCTCCTGGTAACGCCAATGAAAAACTGTTTTTT	38								CASSLAPGNANEKLFF		:::::::::0:-5:12:::::30:-5:48:::
46	794.0	0.005344030368091965	TGTGCCAGCAGCATGGCTCCTGGTGCCGCCAATGAAAAACTGTTTTTT	HHHGHHHHHHHHHHGHGHGHHGGGGGGHHHHHHHGHHHHHHGGHHHHH	TRBV7-6*00(1378.1)		TRBJ1-4*00(229.2)		430|442|467|0|12||60.0		25|43|71|30|48||90.0												TGTGCCAGCAGCATGGCTCCTGGTGCCGCCAATGAAAAACTGTTTTTT	38								CASSMAPGAANEKLFF		:::::::::0:-5:12:::::30:-5:48:::
47	791.0	0.005323838817582802	TGTGCCAGCAGCTTCGCTCCTGGTACCGACAATGAAAAACTGTTTTTT	HHHGHHHHHHGGGGGHGHGHHHGHGGGHHHHHHHGHHHHHHGGHHHHH	TRBV7-6*00(1382.3)		TRBJ1-4*00(229.1)		430|444|467|0|14||70.0		25|43|71|30|48||90.0												TGTGCCAGCAGCTTCGCTCCTGGTACCGACAATGAAAAACTGTTTTTT	38								CASSFAPGTDNEKLFF		:::::::::0:-3:14:::::30:-5:48:::
48	785.0	0.005283455716564475	TGTGCCAGCAGCTTGGCTCCTGGTGCCAACAATGAAAAACTGTTTTTT	HHHGHHHHHHGHHHGHGHGHHGHHHHHHHHHHHHGHHHHHHGGHHHHH	TRBV7-6*00(1370.4)		TRBJ1-4*00(229.5)		430|444|467|0|14||70.0		25|43|71|30|48||90.0												TGTGCCAGCAGCTTGGCTCCTGGTGCCAACAATGAAAAACTGTTTTTT	38								CASSLAPGANNEKLFF		:::::::::0:-3:14:::::30:-5:48:::
49	777.0	0.005229611581873372	TGTGCCAGCAGCCTCGCTCCTGGTAGCAACAATGAAAAACTGTTTTTT	HHHGHHHGHHGGGGGHGHGHHHHHHHHHHHHHHHGHHHHHHGGHHHHH	TRBV7-6*00(1369.5)		TRBJ1-4*00(233.1)		430|442|467|0|12||60.0		19|43|71|25|48|DT24|94.0												TGTGCCAGCAGCCTCGCTCCTGGTAGCAACAATGAAAAACTGTTTTTT	38								CASSLAPGSNNEKLFF		:::::::::0:-5:12:::::25:1:48:::
50	774.0	0.005209420031364208	TGTGCCAGCAGCCTCGCTCCTGGTGCCGCCAATGAAAAACTGTTTTTT	HHHGHHHGHHGGGGGHGHGHHGGGGGGHHHHHHHGHHHHHHGGHHHHH	TRBV7-6*00(1366.3)		TRBJ1-4*00(229.6)		430|442|467|0|12||60.0		25|43|71|30|48||90.0												TGTGCCAGCAGCCTCGCTCCTGGTGCCGCCAATGAAAAACTGTTTTTT	38								CASSLAPGAANEKLFF		:::::::::0:-5:12:::::30:-5:48:::
51	771.0	0.005189228480855045	TGTGCCAGCAGCCTGGCTCCTGGTGGCAACAATGAAAAACTGTTTTTT	HHHGHHHGHHHHHHGHGHGHHHHHHHHHHHHHHHGHHHHHHGGHHHHH	TRBV7-6*00(1368.2)		TRBJ1-4*00(233.3)		430|442|467|0|12||60.0		19|43|71|25|48|DT24|94.0												TGTGCCAGCAGCCTGGCTCCTGGTGGCAACAATGAAAAACTGTTTTTT	38								CASSLAPGGNNEKLFF		:::::::::0:-5:12:::::25:1:48:::
52	769.0	0.005175767447182269	TGTGCCAGCAGCTTGGCTCCTGGTAACAACAATGAAAAACTGTTTTTT	HHHGHHHHHHGHHHGHGHGHHHHHHHHHHHHHHHGHHHHHHGGHHHHH	TRBV7-6*00(1380.4)		TRBJ1-4*00(229.4)		430|444|467|0|14||70.0		25|43|71|30|48||90.0												TGTGCCAGCAGCTTGGCTCCTGGTAACAACAATGAAAAACTGTTTTTT	38								CASSLAPGNNNEKLFF		:::::::::0:-3:14:::::30:-5:48:::
53	768.0	0.005169036930345881	TGTGCCAGCAGCCTCGCTCCTGGTGGCAACAATGAAAAACTGTTTTTT	HHHGHHHGHHGGGGGHGHGHHHHHHHHHHHHHHHGHHHHHHGGHHHHH	TRBV7-6*00(1371.6)		TRBJ1-4*00(233.4)		430|442|467|0|12||60.0		19|43|71|25|48|DT24|94.0												TGTGCCAGCAGCCTCGCTCCTGGTGGCAACAATGAAAAACTGTTTTTT	38								CASSLAPGGNNEKLFF		:::::::::0:-5:12:::::25:1:48:::
54	765.0	0.005148845379836718	TGTGCCAGCAGCATCGCTCCTGGTAGCAACAATGAAAAACTGTTTTTT	HHHGHHHHHHGGHGGHGHGHHHHHHHHHHHHHHHGHHHHHHGGHHHHH	TRBV7-6*00(1367.9)		TRBJ1-4*00(225.1)		430|442|467|0|12||60.0		19|43|71|25|48|DT24|94.0												TGTGCCAGCAGCATCGCTCCTGGTAGCAACAATGAAAAACTGTTTTTT	38								CASSIAPGSNNEKLFF		:::::::::0:-5:12:::::25:1:48:::
55	758.0	0.005101731761982003	TGTGCCAGCAGCTTCGCTCCTGGTGCCACCAATGAAAAACTGTTTTTT	HHHGHHHHHHGGGGGHGHGHHGHHHGGHHHHHHHGHHHHHHGGHHHHH	TRBV7-6*00(1376)		TRBJ1-4*00(232.4)		430|444|467|0|14||70.0		18|43|71|23|48|SA21CST24C|93.0												TGTGCCAGCAGCTTCGCTCCTGGTGCCACCAATGAAAAACTGTTTTTT	38								CASSFAPGATNEKLFF		:::::::::0:-3:14:::::23:2:48:::
56	753.0	0.005068079177800063	TGTGCCAGCAGCATCGCTCCTGGTAACGACAATGAAAAACTGTTTTTT	HHHGHHHHHHGGHGGHGHGHHHGHGGGHHHHHHHGHHHHHHGGHHHHH	TRBV7-6*00(1372.9)		TRBJ1-4*00(229.2)		430|442|467|0|12||60.0		25|43|71|30|48||90.0												TGTGCCAGCAGCATCGCTCCTGGTAACGACAATGAAAAACTGTTTTTT	38								CASSIAPGNDNEKLFF		:::::::::0:-5:12:::::30:-5:48:::
57	751.0	0.005054618144127288	TGTGCCAGCAGCCTGGCTCCTGGTATCGACAATGAAAAACTGTTTTTT	HHHGHHHGHHHHHHGHGHGHHHGHGHGHHHHHHHGHHHHHHGGHHHHH	TRBV7-6*00(1366)		TRBJ1-4*00(229.5)		430|442|467|0|12||60.0		25|43|71|30|48||90.0												TGTGCCAGCAGCCTGGCTCCTGGTATCGACAATGAAAAACTGTTTTTT	38								CASSLAPGIDNEKLFF		:::::::::0:-5:12:::::30:-5:48:::
58	746.0	0.005020965559945348	TGTGCCAGCAGCTTGGCTCCTGGTGTCGCCAATGAAAAACTGTTTTTT	HHHGHHHHHHGHHHGHGHGHHGGGGGGHHHHHHHGHHHHHHGGHHHHH	TRBV7-6*00(1384.9)		TRBJ1-4*00(229.4)		430|444|467|0|14||70.0		25|43|71|30|48||90.0												TGTGCCAGCAGCTTGGCTCCTGGTGTCGCCAATGAAAAACTGTTTTTT	38								CASSLAPGVANEKLFF		:::::::::0:-3:14:::::30:-5:48:::
59	745.0	0.0050142350431089605	TGTGCCAGCAGCTTCGCTCCTGGTATCAACAATGAAAAACTGTTTTTT	HHHGHHHHHHGGGGGHGHGHHHHHHHHHHHHHHHGHHHHHHGGHHHHH	TRBV7-6*00(1382.1)		TRBJ1-4*00(229.1)		430|444|467|0|14||70.0		25|43|71|30|48||90.0												TGTGCCAGCAGCTTCGCTCCTGGTATCAACAATGAAAAACTGTTTTTT	38								CASSFAPGINNEKLFF		:::::::::0:-3:14:::::30:-5:48:::
60	740.0	0.004980582458927021	TGTGCCAGCAGCCTCGCTCCTGGTACCGACAATGAAAAACTGTTTTTT	HHHGHHHGHHGGGGGHGHGHHHGHGGGHHHHHHHGHHHHHHGGHHHHH	TRBV7-6*00(1369.7)		TRBJ1-4*00(229.3)		430|442|467|0|12||60.0		25|43|71|30|48||90.0												TGTGCCAGCAGCCTCGCTCCTGGTACCGACAATGAAAAACTGTTTTTT	38								CASSLAPGTDNEKLFF		:::::::::0:-5:12:::::30:-5:48:::
61	729.0	0.004906546773726755	TGTGCCAGCAGCATGGCTCCTGGTGGCACCAATGAAAAACTGTTTTTT	HHHGHHHHHHHHHHGHGHGHHHHHHHGHHHHHHHGHHHHHHGGHHHHH	TRBV7-6*00(1367.1)		TRBJ1-4*00(229)		430|442|467|0|12||60.0		25|43|71|30|48||90.0												TGTGCCAGCAGCATGGCTCCTGGTGGCACCAATGAAAAACTGTTTTTT	38								CASSMAPGGTNEKLFF		:::::::::0:-5:12:::::30:-5:48:::
62	727.0	0.004893085740053979	TGTGCCAGCAGCTTCGCTCCTGGTGACAACAATGAAAAACTGTTTTTT	HHHGHHHHHHGGGGGHGHGHHHHHHHHHHHHHHHGHHHHHHGGHHHHH	TRBV7-6*00(1385.4)		TRBJ1-4*00(229.3)		430|444|467|0|14||70.0		25|43|71|30|48||90.0												TGTGCCAGCAGCTTCGCTCCTGGTGACAACAATGAAAAACTGTTTTTT	38								CASSFAPGDNNEKLFF		:::::::::0:-3:14:::::30:-5:48:::
63	726.0	0.0048863552232175905	TGTGCCAGCAGCTTCGCTCCTGGTAGCATCAATGAAAAACTGTTTTTT	HHHGHHHHHHGGGGGHGHGHHHHHHHHHHHHHHHGHHHHHHGGHHHHH	TRBV7-6*00(1372.5)		TRBJ1-4*00(229.3)		430|444|467|0|14||70.0		25|43|71|30|48||90.0												TGTGCCAGCAGCTTCGCTCCTGGTAGCATCAATGAAAAACTGTTTTTT	38								CASSFAPGSINEKLFF		:::::::::0:-3:14:::::30:-5:48:::
64	724.0	0.004872894189544815	TGTGCCAGCAGCCTCGCTCCTGGTGACAACAATGAAAAACTGTTTTTT	HHHGHHHGHHGGGGGHGHGHHHHHHHHHHHHHHHGHHHHHHGGHHHHH	TRBV7-6*00(1364.7)		TRBJ1-4*00(229.3)		430|442|467|0|12||60.0		25|43|71|30|48||90.0												TGTGCCAGCAGCCTCGCTCCTGGTGACAACAATGAAAAACTGTTTTTT	38								CASSLAPGDNNEKLFF		:::::::::0:-5:12:::::30:-5:48:::
65	721.0	0.004852702639035651	TGTGCCAGCAGCATCGCTCCTGGTACCATCAATGAAAAACTGTTTTTT	HHHGHHHHHHGGHGGHGHGHHHHHHHHHHHHHHHGHHHHHHGGHHHHH	TRBV7-6*00(1374.6)		TRBJ1-4*00(229.3)		430|442|467|0|12||60.0		25|43|71|30|48||90.0												TGTGCCAGCAGCATCGCTCCTGGTACCATCAATGAAAAACTGTTTTTT	38								CASSIAPGTINEKLFF		:::::::::0:-5:12:::::30:-5:48:::
66	715.0	0.004812319538017324	TGTGCCAGCAGCGTGGCTCCTGGTAACAACAATGAAAAACTGTTTTTT	HHHGHHHGGGGGHHGHGHGHHHHHHHHHHHHHHHGHHHHHHGGHHHHH	TRBV7-6*00(1379.2)		TRBJ1-4*00(229.3)		430|442|467|0|12||60.0		25|43|71|30|48||90.0												TGTGCCAGCAGCGTGGCTCCTGGTAACAACAATGAAAAACTGTTTTTT	38								CASSVAPGNNNEKLFF		:::::::::0:-5:12:::::30:-5:48:::
67	714.0	0.004805589021180936	TGCGCCAGCAGCATCGCTCCTGGTAACAACAATGAAAAACTGTTTTTT	GGGGHHHHHHGGHGGHGHGHHHHHHHHHHHHHHHGHHHHHHGGHHHHH	TRBV7-6*00(1361.4)		TRBJ1-4*00(229.2)		430|442|467|0|12|ST432C|44.0		25|43|71|30|48||90.0												TGCGCCAGCAGCATCGCTCCTGGTAACAACAATGAAAAACTGTTTTTT	38								CASSIAPGNNNEKLFF		:::::::::0:-5:12:::::30:-5:48:::
68	706.0	0.004751744886489833	TGTGCCAGCAGCCTCGCTCCTGGTGCCGACAATGAAAAACTGTTTTTT	HHHGHHHGHHGGGGGHGHGHHGGGGGGHHHHHHHGHHHHHHGGHHHHH	TRBV7-6*00(1369.1)		TRBJ1-4*00(221.6)		430|442|467|0|12||60.0		25|43|71|30|48||90.0												TGTGCCAGCAGCCTCGCTCCTGGTGCCGACAATGAAAAACTGTTTTTT	38								CASSLAPGADNEKLFF		:::::::::0:-5:12:::::30:-5:48:::
69	704.0	0.004738283852817058	TGTGCCAGCAGCCTGGCTCCTGGTGCCGACAATGAAAAACTGTTTTTT	HHHGHHHGHHHHHHGHGHGHHGGGGGGHHHHHHHGHHHHHHGGHHHHH	TRBV7-6*00(1377.6)		TRBJ1-4*00(228.9)		430|442|467|0|12||60.0		25|43|71|30|48||90.0												TGTGCCAGCAGCCTGGCTCCTGGTGCCGACAATGAAAAACTGTTTTTT	38								CASSLAPGADNEKLFF		:::::::::0:-5:12:::::30:-5:48:::
70	695.0	0.004677709201289567	TGTGCCAGCAGCATCGCTCCTGGTAACGTCAATGAAAAACTGTTTTTT	HHHGHHHHHHGGHGGHGHGHHHGHGGGHHHHHHHGHHHHHHGGHHHHH	TRBV7-6*00(1376.6)		TRBJ1-4*00(229.1)		430|442|467|0|12||60.0		25|43|71|30|48||90.0												TGTGCCAGCAGCATCGCTCCTGGTAACGTCAATGAAAAACTGTTTTTT	38								CASSIAPGNVNEKLFF		:::::::::0:-5:12:::::30:-5:48:::
71	686.0	0.004617134549762076	TGTGCCAGCAGCTTGGCTCCTGGTGTCACCAATGAAAAACTGTTTTTT	HHHGHHHHHHGHHHGHGHGHHGHHHHGHHHHHHHGHHHHHHGGHHHHH	TRBV7-6*00(1381.3)		TRBJ1-4*00(229.3)		430|444|467|0|14||70.0		25|43|71|30|48||90.0												TGTGCCAGCAGCTTGGCTCCTGGTGTCACCAATGAAAAACTGTTTTTT	38								CASSLAPGVTNEKLFF		:::::::::0:-3:14:::::30:-5:48:::
72	684.0	0.004603673516089301	TGTGCCAGCAGCATCGCTCCTGGTATCACCAATGAAAAACTGTTTTTT	HHHGHHHHHHGGHGGHGHGHHHHHHHGHHHHHHHGHHHHHHGGHHHHH	TRBV7-6*00(1364.2)		TRBJ1-4*00(229.4)		430|442|467|0|12||60.0		25|43|71|30|48||90.0												TGTGCCAGCAGCATCGCTCCTGGTATCACCAATGAAAAACTGTTTTTT	38								CASSIAPGITNEKLFF		:::::::::0:-5:12:::::30:-5:48:::
73	683.0	0.004596942999252913	TGTGCCAGCAGCCTGGCTCCTGGTATCGCCAATGAAAAACTGTTTTTT	HHHGHHHGHHHHHHGHGHGHHHGGGGGHHHHHHHGHHHHHHGGHHHHH	TRBV7-6*00(1183.4)		TRBJ1-4*00(229.1)		430|442|467|0|12||60.0		25|43|71|30|48||90.0												TGTGCCAGCAGCCTGGCTCCTGGTATCGCCAATGAAAAACTGTTTTTT	38								CASSLAPGIANEKLFF		:::::::::0:-5:12:::::30:-5:48:::
74	668.0	0.004495985246707095	TGTGCCAGCAGCCTGGCTCCTGGTGTCAACAATGAAAAACTGTTTTTT	HHHGHHHGHHHHHHGHGHGHHGHHHHHHHHHHHHGHHHHHHGGHHHHH	TRBV7-6*00(1374.2)		TRBJ1-4*00(229.2)		430|442|467|0|12||60.0		25|43|71|30|48||90.0												TGTGCCAGCAGCCTGGCTCCTGGTGTCAACAATGAAAAACTGTTTTTT	38								CASSLAPGVNNEKLFF		:::::::::0:-5:12:::::30:-5:48:::
75	664.0	0.0044690631793615435	TGTGCCAGCAGCATCGCTCCTGGTGACATCAATGAAAAACTGTTTTTT	HHHGHHHHHHGGHGGHGHGHHHHHHHHHHHHHHHGHHHHHHGGHHHHH	TRBV7-6*00(1380.1)		TRBJ1-4*00(229.1)		430|442|467|0|12||60.0		25|43|71|30|48||90.0												TGTGCCAGCAGCATCGCTCCTGGTGACATCAATGAAAAACTGTTTTTT	38								CASSIAPGDINEKLFF		:::::::::0:-5:12:::::30:-5:48:::
76	655.0	0.004408488527834052	TGTGCCAGCAGCCTCGCTCCTGGTGACATCAATGAAAAACTGTTTTTT	HHHGHHHGHHGGGGGHGHGHHHHHHHHHHHHHHHGHHHHHHGGHHHHH	TRBV7-6*00(1373.3)		TRBJ1-4*00(229.1)		430|442|467|0|12||60.0		25|43|71|30|48||90.0												TGTGCCAGCAGCCTCGCTCCTGGTGACATCAATGAAAAACTGTTTTTT	38								CASSLAPGDINEKLFF		:::::::::0:-5:12:::::30:-5:48:::
77	648.0	0.004361374909979337	TGTGCCAGCAGCATCGCTCCTGGTGTCGCCAATGAAAAACTGTTTTTT	HHHGHHHHHHGGHGGHGHGHHGGGGGGHHHHHHHGHHHHHHGGHHHHH	TRBV7-6*00(1367.9)		TRBJ1-4*00(229.2)		430|442|467|0|12||60.0		25|43|71|30|48||90.0												TGTGCCAGCAGCATCGCTCCTGGTGTCGCCAATGAAAAACTGTTTTTT	38								CASSIAPGVANEKLFF		:::::::::0:-5:12:::::30:-5:48:::
78	644.0	0.004334452842633786	TGTGCCAGCAGCATCGCTCCTGGTGCCATCAATGAAAAACTGTTTTTT	HHHGHHHHHHGGHGGHGHGHHGHHHHHHHHHHHHGHHHHHHGGHHHHH	TRBV7-6*00(1375.1)		TRBJ1-4*00(229.1)		430|442|467|0|12||60.0		25|43|71|30|48||90.0												TGTGCCAGCAGCATCGCTCCTGGTGCCATCAATGAAAAACTGTTTTTT	38								CASSIAPGAINEKLFF		:::::::::0:-5:12:::::30:-5:48:::
79	638.0	0.0042940697416154585	TGTGCCAGCAGCCTGGCTCCTGGTGTCATCAATGAAAAACTGTTTTTT	HHHGHHHGHHHHHHGHGHGHHGHHHHHHHHHHHHGHHHHHHGGHHHHH	TRBV7-6*00(1360.2)		TRBJ1-4*00(229.4)		430|442|467|0|12||60.0		25|43|71|30|48||90.0												TGTGCCAGCAGCCTGGCTCCTGGTGTCATCAATGAAAAACTGTTTTTT	38								CASSLAPGVINEKLFF		:::::::::0:-5:12:::::30:-5:48:::
80	620.0	0.004172920438560477	TGTGCCAGCAGCCTGGCTCCTGGTACCACCAATGAAAAACTGTTTTTT	HHHGHHHGHHHHHHGHGHGHHHHHGGGHHHHHHHGHHHHHHGGHHHHH	TRBV7-6*00(1373.2)		TRBJ1-4*00(229.1)		430|442|467|0|12||60.0		25|43|71|30|48||90.0												TGTGCCAGCAGCCTGGCTCCTGGTACCACCAATGAAAAACTGTTTTTT	38								CASSLAPGTTNEKLFF		:::::::::0:-5:12:::::30:-5:48:::
81	594.0	0.003997927000814393	TGTGCCAGCAGCATGGCTCCTGGTAACAACAATGAAAAACTGTTTTTT	HHHGHHHHHHHHHHGHGHGHHHHHHHHHHHHHHHGHHHHHHGGHHHHH	TRBV7-6*00(1106.4)		TRBJ1-4*00(229)		430|442|467|0|12||60.0		25|43|71|30|48||90.0												TGTGCCAGCAGCATGGCTCCTGGTAACAACAATGAAAAACTGTTTTTT	38								CASSMAPGNNNEKLFF		:::::::::0:-5:12:::::30:-5:48:::
82	588.0	0.003957543899796065	TGTGCCAGCAGCCTGGCTCCTGGTAACGACAATGAAAAACTGTTTTTT	HHHGHHHGHHHHHHGHGHGHHHGHGGGHHHHHHHGHHHHHHGGHHHHH	TRBV7-6*00(1367.6)		TRBJ1-4*00(229.3)		430|442|467|0|12||60.0		25|43|71|30|48||90.0												TGTGCCAGCAGCCTGGCTCCTGGTAACGACAATGAAAAACTGTTTTTT	38								CASSLAPGNDNEKLFF		:::::::::0:-5:12:::::30:-5:48:::
83	551.0	0.0037085147768497143	TGTGCCAGCAGCCTCGCTCCTGGTGCCATCAATGAAAAACTGTTTTTT	HHHGHHHGHHGGGGGHGHGHHGHHHHHHHHHHHHGHHHHHHGGHHHHH	TRBV7-6*00(1370.5)		TRBJ1-4*00(229.3)		430|442|467|0|12||60.0		25|43|71|30|48||90.0												TGTGCCAGCAGCCTCGCTCCTGGTGCCATCAATGAAAAACTGTTTTTT	38								CASSLAPGAINEKLFF		:::::::::0:-5:12:::::30:-5:48:::
84	512.0	0.0034460246202305876	TGTGCCAGCAGCCTGGCTCCTGGTATCACCAATGAAAAACTGTTTTTT	HHHGHHHGHHHHHHGHGHGHHHHHHHGHHHHHHHGHHHHHHGGHHHHH	TRBV7-6*00(1372.1)		TRBJ1-4*00(228.9)		430|442|467|0|12||60.0		25|43|71|30|48||90.0												TGTGCCAGCAGCCTGGCTCCTGGTATCACCAATGAAAAACTGTTTTTT	38								CASSLAPGITNEKLFF		:::::::::0:-5:12:::::30:-5:48:::
85	478.0	0.0032171870477934	TGTGCCAGCAGCTTCGCTCCTGGTGTCGTCAATGAAAAACTGTTTTTT	HHHGHHHHHHGGGGGHGHGHHGGGGGGHHHHHHHGHHHHHHGGHHHHH	TRBV7-6*00(1385.9)		TRBJ1-4*00(229.7)		430|444|467|0|14||70.0		25|43|71|30|48||90.0												TGTGCCAGCAGCTTCGCTCCTGGTGTCGTCAATGAAAAACTGTTTTTT	38								CASSFAPGVVNEKLFF		:::::::::0:-3:14:::::30:-5:48:::
86	469.0	0.0031566123962659095	TGTGCCAGCAGCCTCGCTCCTGGTGCTACCAATGAAAAACTGTTTTTT	HHHGHHHGHHGGGGGHGHGHHHHHHHHHHHHHHHGHHHHHHGGHHHHH	TRBV7-6*00(1368.2)		TRBJ1-4*00(232.6)		430|442|467|0|12||60.0		18|43|71|23|48|SA21TST24C|93.0												TGTGCCAGCAGCCTCGCTCCTGGTGCTACCAATGAAAAACTGTTTTTT	38								CASSLAPGATNEKLFF		:::::::::0:-5:12:::::23:2:48:::
87	457.0	0.0030758461942292548	TGTGCCAGCAGCTTGGCTCCTGGTGACAACAATGAAAAACTGTTTTTT	HHHGHHHHHHGHHHGHGHGHHHHHHHHHHHHHHHGHHHHHHGGHHHHH	TRBV7-6*00(1386.9)		TRBJ1-4*00(229.2)		430|444|467|0|14||70.0		25|43|71|30|48||90.0												TGTGCCAGCAGCTTGGCTCCTGGTGACAACAATGAAAAACTGTTTTTT	38								CASSLAPGDNNEKLFF		:::::::::0:-3:14:::::30:-5:48:::
88	456.0	0.003069115677392867	TGTGCCAGCAGCTTGGCTCCTGGTATCAACAATGAAAAACTGTTTTTT	HHHGHHHHHHGHHHGHGHGHHHHHHHHHHHHHHHGHHHHHHGGHHHHH	TRBV7-6*00(1384.3)		TRBJ1-4*00(229.6)		430|444|467|0|14||70.0		25|43|71|30|48||90.0												TGTGCCAGCAGCTTGGCTCCTGGTATCAACAATGAAAAACTGTTTTTT	38								CASSLAPGINNEKLFF		:::::::::0:-3:14:::::30:-5:48:::
89	454.0	0.003055654643720091	TGTGCCAGCAGCCTCGCTCCTGGTGACGTCAATGAAAAACTGTTTTTT	HHHGHHHGHHGGGGGHGHGHHHGGGGGHHHHHHHGHHHHHHGGHHHHH	TRBV7-6*00(1372.5)		TRBJ1-4*00(229.6)		430|442|467|0|12||60.0		25|43|71|30|48||90.0												TGTGCCAGCAGCCTCGCTCCTGGTGACGTCAATGAAAAACTGTTTTTT	38								CASSLAPGDVNEKLFF		:::::::::0:-5:12:::::30:-5:48:::
90	453.0	0.0030489241268837034	TGTGCCAGCAGCCTCGCTCCTGGTGTCGACAATGAAAAACTGTTTTTT	HHHGHHHGHHGGGGGHGHGHHGGGGHGHHHHHHHGHHHHHHGGHHHHH	TRBV7-6*00(1356.5)		TRBJ1-4*00(228.8)		430|442|467|0|12||60.0		25|43|71|30|48||90.0												TGTGCCAGCAGCCTCGCTCCTGGTGTCGACAATGAAAAACTGTTTTTT	38								CASSLAPGVDNEKLFF		:::::::::0:-5:12:::::30:-5:48:::
91	453.0	0.0030489241268837034	TGTGCCAGCAGCCTCGCTCCTGGTGTCATCAATGAAAAACTGTTTTTT	HHHGHHHGHHGGGGGHGHGHHGHHHHHHHHHHHHGHHHHHHGGHHHHH	TRBV7-6*00(1366.2)		TRBJ1-4*00(229.3)		430|442|467|0|12||60.0		25|43|71|30|48||90.0												TGTGCCAGCAGCCTCGCTCCTGGTGTCATCAATGAAAAACTGTTTTTT	38								CASSLAPGVINEKLFF		:::::::::0:-5:12:::::30:-5:48:::
92	451.0	0.0030354630932109277	TGTGCCAGCAGCTTCGCTCCTGGTGACATCAATGAAAAACTGTTTTTT	HHHGHHHHHHGGGGGHGHGHHHHHHHHHHHHHHHGHHHHHHGGHHHHH	TRBV7-6*00(1377.7)		TRBJ1-4*00(229.2)		430|444|467|0|14||70.0		25|43|71|30|48||90.0												TGTGCCAGCAGCTTCGCTCCTGGTGACATCAATGAAAAACTGTTTTTT	38								CASSFAPGDINEKLFF		:::::::::0:-3:14:::::30:-5:48:::
93	442.0	0.002974888441683437	TGTGCCAGCAGCATGGCTCCTGGTATCACCAATGAAAAACTGTTTTTT	HHHGHHHHHHHHHHGHGHGHHHHHHHGHHHHHHHGHHHHHHGGHHHHH	TRBV7-6*00(1371.8)		TRBJ1-4*00(228.9)		430|442|467|0|12||60.0		25|43|71|30|48||90.0												TGTGCCAGCAGCATGGCTCCTGGTATCACCAATGAAAAACTGTTTTTT	38								CASSMAPGITNEKLFF		:::::::::0:-5:12:::::30:-5:48:::
94	437.0	0.0029412358575014977	TGTGCCAGCAGCATGGCTCCTGGTATCATCAATGAAAAACTGTTTTTT	HHHGHHHHHHHHHHGHGHGHHHHHHHHHHHHHHHGHHHHHHGGHHHHH	TRBV7-6*00(1366.6)		TRBJ1-4*00(229.5)		430|442|467|0|12||60.0		25|43|71|30|48||90.0												TGTGCCAGCAGCATGGCTCCTGGTATCATCAATGAAAAACTGTTTTTT	38								CASSMAPGIINEKLFF		:::::::::0:-5:12:::::30:-5:48:::
95	434.0	0.002921044306992334	TGTGCCAGCAGCGTGGCTCCTGGTGCCATCAATGAAAAACTGTTTTTT	HHHGHHHGGGGGHHGHGHGHHGHHHHHHHHHHHHGHHHHHHGGHHHHH	TRBV7-6*00(1367.7)		TRBJ1-4*00(229.3)		430|442|467|0|12||60.0		25|43|71|30|48||90.0												TGTGCCAGCAGCGTGGCTCCTGGTGCCATCAATGAAAAACTGTTTTTT	38								CASSVAPGAINEKLFF		:::::::::0:-5:12:::::30:-5:48:::
96	430.0	0.0028941222396467823	TGTGCCAGCAGCTTCGCTCCTGGTAACAACAATGAAAAACTGTTTTTT	HHHGHHHHHHGGGGGHGHGHHHHHHHHHHHHHHHGHHHHHHGGHHHHH	TRBV7-6*00(1381.3)		TRBJ1-4*00(229.4)		430|444|467|0|14||70.0		25|43|71|30|48||90.0												TGTGCCAGCAGCTTCGCTCCTGGTAACAACAATGAAAAACTGTTTTTT	38								CASSFAPGNNNEKLFF		:::::::::0:-3:14:::::30:-5:48:::
97	429.0	0.0028873917228103944	TGTGCCAGCAGCTTCGCTCCTGGTAACGACAATGAAAAACTGTTTTTT	HHHGHHHHHHGGGGGHGHGHHHGHGGGHHHHHHHGHHHHHHGGHHHHH	TRBV7-6*00(1386.2)		TRBJ1-4*00(229.2)		430|444|467|0|14||70.0		25|43|71|30|48||90.0												TGTGCCAGCAGCTTCGCTCCTGGTAACGACAATGAAAAACTGTTTTTT	38								CASSFAPGNDNEKLFF		:::::::::0:-3:14:::::30:-5:48:::
98	428.0	0.0028806612059740066	TGTGCCAGCAGCTTTGCTCCTGGTGTCGACAATGAAAAACTGTTTTTT	HHHGHHHHHHHHHHHHGHGHHGGGGHGHHHHHHHGHHHHHHGGHHHHH	TRBV7-6*00(1384.4)		TRBJ1-4*00(228.7)		430|444|467|0|14||70.0		25|43|71|30|48||90.0												TGTGCCAGCAGCTTTGCTCCTGGTGTCGACAATGAAAAACTGTTTTTT	38								CASSFAPGVDNEKLFF		:::::::::0:-3:14:::::30:-5:48:::
99	427.0	0.0028739306891376187	TGTGCCAGCAGCCTCGCTCCTGGTGTCGCCAATGAAAAACTGTTTTTT	HHHHHHHHHHGHHGHHGHHHHHHHHGGHHHHHHHHHHHHHHGHHHHHH	TRBV7-6*00(1371.2)		TRBJ1-4*00(229.8)		430|442|467|0|12||60.0		25|43|71|30|48||90.0												TGTGCCAGCAGCCTCGCTCCTGGTGTCGCCAATGAAAAACTGTTTTTT	38								CASSLAPGVANEKLFF		:::::::::0:-5:12:::::30:-5:48:::
100	423.0	0.0028470086217920673	TGTGCCAGCAGCCTCGCTCCTGGTAACGGCAATGAAAAACTGTTTTTT	HHHGHHHGHHGGGGGHGHGHHHGGGGGHHHHHHHGHHHHHHGGHHHHH	TRBV7-6*00(1375.3)		TRBJ1-4*00(229.6)		430|442|467|0|12||60.0		25|43|71|30|48||90.0												TGTGCCAGCAGCCTCGCTCCTGGTAACGGCAATGAAAAACTGTTTTTT	38								CASSLAPGNGNEKLFF		:::::::::0:-5:12:::::30:-5:48:::
101	422.0	0.0028402781049556795	TGTGTCAGCAGCCTCGCTCCTGGTACCACCAATGAAAAACTGTTTTTT	HHHHHHHGHHGGGGGHGHGHHHHHGGGHHHHHHHGHHHHHHGGHHHHH	TRBV7-6*00(1341.7)		TRBJ1-4*00(229.6)		430|442|467|0|12|SC434T|44.0		25|43|71|30|48||90.0												TGTGTCAGCAGCCTCGCTCCTGGTACCACCAATGAAAAACTGTTTTTT	38								CVSSLAPGTTNEKLFF		:::::::::0:-5:12:::::30:-5:48:::
102	421.0	0.0028335475881192916	TGTGCCAGCAGCGTCGCTCCTGGTACCAGCAATGAAAAACTGTTTTTT	HHHGHHHGGGGGGGGHGHGHHHHHHHHHHHHHHHGHHHHHHGGHHHHH	TRBV7-6*00(1371)		TRBJ1-4*00(229)		430|442|467|0|12||60.0		25|43|71|30|48||90.0												TGTGCCAGCAGCGTCGCTCCTGGTACCAGCAATGAAAAACTGTTTTTT	38								CASSVAPGTSNEKLFF		:::::::::0:-5:12:::::30:-5:48:::
103	415.0	0.0027931644871009645	TGTGCCAGCCAGCCTCGCTCCTGGTGCCACCAATGAAAAACTGTTTTTT	HHHGGGHGGHHGGGGGHGHGHHGHHHGGHHHHHHHGHHHHHHGGHHHHH	TRBV7-6*00(1360.4)		TRBJ1-4*00(232.3)		430|439|467|0|9||45.0		18|43|71|24|49|SA21CST24C|93.0												TGTGCCAGCCAGCCTCGCTCCTGGTGCCACCAATGAAAAACTGTTTTTT	38								CASQPRSW_ATNEKLFF		:::::::::0:-8:9:::::24:2:49:::
104	409.0	0.0027527813860826374	TGTGCTAGCAGCATCGCTCCTGGTGACACCAATGAAAAACTGTTTTTT	HHHHHHHHHHGGHGGHGHGHHHHHHHGHHHHHHHGHHHHHHGGHHHHH	TRBV7-6*00(1358.6)		TRBJ1-4*00(229.3)		430|442|467|0|12|SC435T|44.0		25|43|71|30|48||90.0												TGTGCTAGCAGCATCGCTCCTGGTGACACCAATGAAAAACTGTTTTTT	38								CASSIAPGDTNEKLFF		:::::::::0:-5:12:::::30:-5:48:::
105	408.0	0.0027460508692462495	TGTGCCAGCAGCCTGGCTCCTGGTGCCACCAATGAAAAACTGTTTTTT	HHHGHHHGHHHHHHGHGHGHHGHHHGGHHHHHHHGHHHHHHGGHHHHH	TRBV7-6*00(1378.2)		TRBJ1-4*00(232.4)		430|442|467|0|12||60.0		18|43|71|23|48|SA21CST24C|93.0												TGTGCCAGCAGCCTGGCTCCTGGTGCCACCAATGAAAAACTGTTTTTT	38								CASSLAPGATNEKLFF		:::::::::0:-5:12:::::23:2:48:::
106	408.0	0.0027460508692462495	TGTGCCAGCAGCGTCGCTCCTGGTACCAACAATGAAAAACTGTTTTTT	HHHGHHHGGGGGGGGHGHGHHHHHGHHHHHHHHHGHHHHHHGGHHHHH	TRBV7-6*00(1364.8)		TRBJ1-4*00(229.3)		430|442|467|0|12||60.0		25|43|71|30|48||90.0												TGTGCCAGCAGCGTCGCTCCTGGTACCAACAATGAAAAACTGTTTTTT	38								CASSVAPGTNNEKLFF		:::::::::0:-5:12:::::30:-5:48:::
107	408.0	0.0027460508692462495	TGTGCCAGCAGCATGGCTCCTGGTGTCGACAATGAAAAACTGTTTTTT	HHHGHHHHHHHHHHGHGHGHHGGGGHGHHHHHHHGHHHHHHGGHHHHH	TRBV7-6*00(1381.1)		TRBJ1-4*00(229.2)		430|442|467|0|12||60.0		25|43|71|30|48||90.0												TGTGCCAGCAGCATGGCTCCTGGTGTCGACAATGAAAAACTGTTTTTT	38								CASSMAPGVDNEKLFF		:::::::::0:-5:12:::::30:-5:48:::
108	406.0	0.002732589835573474	TGTGCCAGCAGCTTCGCTCCTGGTGCCGCCAATGAAAAACTGTTTTTT	HHHGHHHHHHGGGGGHGHGHHGGGGGGHHHHHHHGHHHHHHGGHHHHH	TRBV7-6*00(1382)		TRBJ1-4*00(229.6)		430|444|467|0|14||70.0		25|43|71|30|48||90.0												TGTGCCAGCAGCTTCGCTCCTGGTGCCGCCAATGAAAAACTGTTTTTT	38								CASSFAPGAANEKLFF		:::::::::0:-3:14:::::30:-5:48:::
109	406.0	0.002732589835573474	TGTGCCAGCAGCATGGCTCCTGGTGCTACCAATGAAAAACTGTTTTTT	HHHGHHHHHHHHHHGHGHGHHHHHHHHHHHHHHHGHHHHHHGGHHHHH	TRBV7-6*00(1374.3)		TRBJ1-4*00(232.2)		430|442|467|0|12||60.0		18|43|71|23|48|SA21TST24C|93.0												TGTGCCAGCAGCATGGCTCCTGGTGCTACCAATGAAAAACTGTTTTTT	38								CASSMAPGATNEKLFF		:::::::::0:-5:12:::::23:2:48:::
110	405.0	0.002725859318737086	TGTGCCAGCAGCCTCGCTCCTGGTAGCACCAATGAAAAACTGTTTTTT	HHHGHHHGHHGGGGGHGHGHHHHHHHGHHHHHHHGHHHHHHGGHHHHH	TRBV7-6*00(1374.4)		TRBJ1-4*00(229)		430|442|467|0|12||60.0		25|43|71|30|48||90.0												TGTGCCAGCAGCCTCGCTCCTGGTAGCACCAATGAAAAACTGTTTTTT	38								CASSLAPGSTNEKLFF		:::::::::0:-5:12:::::30:-5:48:::
111	404.0	0.002719128801900698	TGTGCCAGCAGCCTCGCTCCTGGTAGCGCCAATGAAAAACTGTTTTTT	HHHGHHHGHHGGGGGHGHGHHHGGGGGHHHHHHHGHHHHHHGGHHHHH	TRBV7-6*00(1372.7)	TRBD1*00(25),TRBD2*00(25)	TRBJ1-4*00(229.4)		430|442|467|0|12||60.0	22|27|36|25|30||25.0;21|26|48|23|28||25.0	25|43|71|30|48||90.0												TGTGCCAGCAGCCTCGCTCCTGGTAGCGCCAATGAAAAACTGTTTTTT	38								CASSLAPGSANEKLFF		:::::::::0:-5:12:25:-10:3:30:30:-5:48:::
112	404.0	0.002719128801900698	TGTGCCAGCAGCATCGCTCCTGGTGTCACCAATGAAAAACTGTTTTTT	HHHGHHHHHHGGHGGHGHGHHGHHHHGHHHHHHHGHHHHHHGGHHHHH	TRBV7-6*00(1371.9)		TRBJ1-4*00(229.4)		430|442|467|0|12||60.0		25|43|71|30|48||90.0												TGTGCCAGCAGCATCGCTCCTGGTGTCACCAATGAAAAACTGTTTTTT	38								CASSIAPGVTNEKLFF		:::::::::0:-5:12:::::30:-5:48:::
113	403.0	0.0027123982850643102	TGTGCCAGCAGCATGGCTCCTGATATCACCAATGAAAAACTGTTTTTT	HHHGHHHHHHHHHHGHGHHHHHHHHHGHHHHHHHGHHHHHHGGHHHHH	TRBV7-6*00(1380.9)		TRBJ1-4*00(229.3)		430|442|467|0|12||60.0		25|43|71|30|48||90.0												TGTGCCAGCAGCATGGCTCCTGATATCACCAATGAAAAACTGTTTTTT	38								CASSMAPDITNEKLFF		:::::::::0:-5:12:::::30:-5:48:::
114	402.0	0.0027056677682279224	TGTGCCAGCAGCGCTCCTGGTACCAACAATGAAAAACTGTTTTTT	HHHGHHHGGGGGHGHGHHHHHGHHHHHHHHHGHHHHHHGGHHHHH	TRBV7-6*00(1374.5)		TRBJ1-4*00(229.5)		430|442|467|0|12||60.0		25|43|71|27|45||90.0												TGTGCCAGCAGCGCTCCTGGTACCAACAATGAAAAACTGTTTTTT	38								CASSAPGTNNEKLFF		:::::::::0:-5:12:::::27:-5:45:::
115	401.0	0.0026989372513915345	TGTGCCAGCAGCCTCGCTCCTGGTATCGACAATGAAAAACTGTTTTTT	HHHGHHHGHHGGGGGHGHGHHHGHGHGHHHHHHHGHHHHHHGGHHHHH	TRBV7-6*00(1374.7)		TRBJ1-4*00(229.1)		430|442|467|0|12||60.0		25|43|71|30|48||90.0												TGTGCCAGCAGCCTCGCTCCTGGTATCGACAATGAAAAACTGTTTTTT	38								CASSLAPGIDNEKLFF		:::::::::0:-5:12:::::30:-5:48:::
116	400.0	0.0026922067345551467	TGTGCCAGCAGCCTCGCTCCTGGTGTCGGCAATGAAAAACTGTTTTTT	HHHGHHHGHHGGGGGHGHGHHGGGGGGHHHHHHHGHHHHHHGGHHHHH	TRBV7-6*00(1372.6)		TRBJ1-4*00(229.2)		430|442|467|0|12||60.0		25|43|71|30|48||90.0												TGTGCCAGCAGCCTCGCTCCTGGTGTCGGCAATGAAAAACTGTTTTTT	38								CASSLAPGVGNEKLFF		:::::::::0:-5:12:::::30:-5:48:::
117	399.0	0.002685476217718759	TGTGCCAGCAGCTTGGCTCCTGGTAACACCAATGAAAAACTGTTTTTT	HHHGHHHHHHGHHHGHGHGHHHHHGHGHHHHHHHGHHHHHHGGHHHHH	TRBV7-6*00(1382.5)		TRBJ1-4*00(229.2)		430|444|467|0|14||70.0		25|43|71|30|48||90.0												TGTGCCAGCAGCTTGGCTCCTGGTAACACCAATGAAAAACTGTTTTTT	38								CASSLAPGNTNEKLFF		:::::::::0:-3:14:::::30:-5:48:::
118	399.0	0.002685476217718759	TGTGCCAGCAGCCTGGCTCCTGGTGTCAGCAATGAAAAACTGTTTTTT	HHHGHHHGHHHHHHGHGHGHHGHHHHHHHHHHHHGHHHHHHGGHHHHH	TRBV7-6*00(1382)		TRBJ1-4*00(229.1)		430|442|467|0|12||60.0		25|43|71|30|48||90.0												TGTGCCAGCAGCCTGGCTCCTGGTGTCAGCAATGAAAAACTGTTTTTT	38								CASSLAPGVSNEKLFF		:::::::::0:-5:12:::::30:-5:48:::
119	399.0	0.002685476217718759	TGTGCCAGCAGCATCGCTCCTGGTGGCAACAATGAAAAACTGTTTTTT	HHHGHHHHHHGGHGGHGHGHHHHHHHHHHHHHHHGHHHHHHGGHHHHH	TRBV7-6*00(1373.8)		TRBJ1-4*00(233.4)		430|442|467|0|12||60.0		19|43|71|25|48|DT24|94.0												TGTGCCAGCAGCATCGCTCCTGGTGGCAACAATGAAAAACTGTTTTTT	38								CASSIAPGGNNEKLFF		:::::::::0:-5:12:::::25:1:48:::
120	397.0	0.0026720151840459827	TGTGCCAGCAGCCTCGCTCCTGGTGGCACCAATGAAAAACTGTTTTTT	HHHGHHHGHHGGGGGHGHGHHHHHHHGHHHHHHHGHHHHHHGGHHHHH	TRBV7-6*00(1363.6)		TRBJ1-4*00(229.2)		430|442|467|0|12||60.0		25|43|71|30|48||90.0												TGTGCCAGCAGCCTCGCTCCTGGTGGCACCAATGAAAAACTGTTTTTT	38								CASSLAPGGTNEKLFF		:::::::::0:-5:12:::::30:-5:48:::
121	397.0	0.0026720151840459827	TGTGCCAGCAGCCTGGCTCCTGGTGACGACAATGAAAAACTGTTTTTT	HHHGHHHGHHHHHHGHGHGHHHGHGGGHHHHHHHGHHHHHHGGHHHHH	TRBV7-6*00(1375.8)		TRBJ1-4*00(229.2)		430|442|467|0|12||60.0		25|43|71|30|48||90.0												TGTGCCAGCAGCCTGGCTCCTGGTGACGACAATGAAAAACTGTTTTTT	38								CASSLAPGDDNEKLFF		:::::::::0:-5:12:::::30:-5:48:::
122	396.0	0.002665284667209595	TGTGCCAGCAGCCTGGCTCCTGGTATCAACAATGAAAAACTGTTTTTT	HHHGHHHGHHHHHHGHGHGHHHHHHHHHHHHHHHGHHHHHHGGHHHHH	TRBV7-6*00(1332)		TRBJ1-4*00(229.3)		430|442|467|0|12||60.0		25|43|71|30|48||90.0												TGTGCCAGCAGCCTGGCTCCTGGTATCAACAATGAAAAACTGTTTTTT	38								CASSLAPGINNEKLFF		:::::::::0:-5:12:::::30:-5:48:::
123	395.0	0.002658554150373207	TGTGCCAGCAGCATGGCTCCTGGTATCAACAATGAAAAACTGTTTTTT	HHHGHHHHHHHHHHGHGHGHHHHHHHHHHHHHHHGHHHHHHGGHHHHH	TRBV7-6*00(1377.9)		TRBJ1-4*00(228.7)		430|442|467|0|12||60.0		25|43|71|30|48||90.0												TGTGCCAGCAGCATGGCTCCTGGTATCAACAATGAAAAACTGTTTTTT	38								CASSMAPGINNEKLFF		:::::::::0:-5:12:::::30:-5:48:::
124	393.0	0.0026450931167004313	TGTGCCAGCAGCCTCGCTCCTGGTACCGGCAATGAAAAACTGTTTTTT	HHHGHHHGHHGGGGGHGHGHHHGGGGGHHHHHHHGHHHHHHGGHHHHH	TRBV7-6*00(1375.1)		TRBJ1-4*00(229.1)		430|442|467|0|12||60.0		25|43|71|30|48||90.0												TGTGCCAGCAGCCTCGCTCCTGGTACCGGCAATGAAAAACTGTTTTTT	38								CASSLAPGTGNEKLFF		:::::::::0:-5:12:::::30:-5:48:::
125	391.0	0.0026316320830276556	TGTGCCAGCAGCTTCGCTCCTGGTGTCACCAATGAAAAACTGTTTTTT	HHHGHHHHHHGGGGGHGHGHHGHHHHGHHHHHHHGHHHHHHGGHHHHH	TRBV7-6*00(1383.8)		TRBJ1-4*00(229.5)		430|444|467|0|14||70.0		25|43|71|30|48||90.0												TGTGCCAGCAGCTTCGCTCCTGGTGTCACCAATGAAAAACTGTTTTTT	38								CASSFAPGVTNEKLFF		:::::::::0:-3:14:::::30:-5:48:::
126	389.0	0.00261817104935488	TGTGCCAGCAGCATGGCTCCTGGTACCATCAATGAAAAACTGTTTTTT	HHHGHHHHHHHHHHGHGHGHHHHHHHHHHHHHHHGHHHHHHGGHHHHH	TRBV7-6*00(1373.6)		TRBJ1-4*00(228.9)		430|442|467|0|12||60.0		25|43|71|30|48||90.0												TGTGCCAGCAGCATGGCTCCTGGTACCATCAATGAAAAACTGTTTTTT	38								CASSMAPGTINEKLFF		:::::::::0:-5:12:::::30:-5:48:::
127	389.0	0.00261817104935488	TGTGCAAGCAGCCTGGCTCCTGGTAACATCAATGAAAAACTGTTTTTT	HHHHHHHGHHHHHHGHGHGHHHHHHHHHHHHHHHGHHHHHHGGHHHHH	TRBV7-6*00(1360.9)		TRBJ1-4*00(229.6)		430|442|467|0|12|SC435A|44.0		25|43|71|30|48||90.0												TGTGCAAGCAGCCTGGCTCCTGGTAACATCAATGAAAAACTGTTTTTT	38								CASSLAPGNINEKLFF		:::::::::0:-5:12:::::30:-5:48:::
128	388.0	0.002611440532518492	TGTGCCAGCAGCATCGCTGTATCGCCAATGAAAAACTGTTTTTT	HHHGHHHHHHGGHGGHHHGGGGGHHHHHHHGHHHHHHGGHHHHH	TRBV7-6*00(1370.3)		TRBJ1-4*00(229.5)		430|442|467|0|12||60.0		25|43|71|26|44||90.0												TGTGCCAGCAGCATCGCTGTATCGCCAATGAAAAACTGTTTTTT	38								CASSIAV_ANEKLFF		:::::::::0:-5:12:::::26:-5:44:::
129	387.0	0.002604710015682104	TGTGCCAGCAGCTTCGCTCCTGGTACCGTCAATGAAAAACTGTTTTTT	HHHGHHHHHHGGGGGHGHGHHHGHGGGHHHHHHHGHHHHHHGGHHHHH	TRBV7-6*00(1383.9)		TRBJ1-4*00(229.5)		430|444|467|0|14||70.0		25|43|71|30|48||90.0												TGTGCCAGCAGCTTCGCTCCTGGTACCGTCAATGAAAAACTGTTTTTT	38								CASSFAPGTVNEKLFF		:::::::::0:-3:14:::::30:-5:48:::
130	386.0	0.0025979794988457163	TGTGCCAGCAGCCTCGCTCCTGGTATCAGCAATGAAAAACTGTTTTTT	HHHGHHHGHHGGGGGHGHGHHHHHHHHHHHHHHHGHHHHHHGGHHHHH	TRBV7-6*00(1375.7)		TRBJ1-4*00(229.1)		430|442|467|0|12||60.0		25|43|71|30|48||90.0												TGTGCCAGCAGCCTCGCTCCTGGTATCAGCAATGAAAAACTGTTTTTT	38								CASSLAPGISNEKLFF		:::::::::0:-5:12:::::30:-5:48:::
131	386.0	0.0025979794988457163	TGTGCCAGCAGCCTGGCTCCTGGTATTAACAATGAAAAACTGTTTTTT	HHHHHHHGHHHHHHHHHHHHHHHHHHHHHHHHHHHHHHHHHHHHHHHH	TRBV7-6*00(1370.1)		TRBJ1-4*00(228.5)		430|442|467|0|12||60.0		25|43|71|30|48||90.0												TGTGCCAGCAGCCTGGCTCCTGGTATTAACAATGAAAAACTGTTTTTT	38								CASSLAPGINNEKLFF		:::::::::0:-5:12:::::30:-5:48:::
132	386.0	0.0025979794988457163	TGTGCCAGCAGCGTCGCTCCTGGTAACATCAATGAAAAACTGTTTTTT	HHHGHHHGGGGGGGGHGHGHHHHHHHHHHHHHHHGHHHHHHGGHHHHH	TRBV7-6*00(1368.9)		TRBJ1-4*00(229.4)		430|442|467|0|12||60.0		25|43|71|30|48||90.0												TGTGCCAGCAGCGTCGCTCCTGGTAACATCAATGAAAAACTGTTTTTT	38								CASSVAPGNINEKLFF		:::::::::0:-5:12:::::30:-5:48:::
133	386.0	0.0025979794988457163	TGTGCCAGCAGCATGGCTCCTGGTAACGCCAATGAAAAACTGTTTTTT	HHHGHHHHHHHHHHGHGHGHHHGGGGGHHHHHHHGHHHHHHGGHHHHH	TRBV7-6*00(1353.7)		TRBJ1-4*00(229.2)		430|442|467|0|12||60.0		25|43|71|30|48||90.0												TGTGCCAGCAGCATGGCTCCTGGTAACGCCAATGAAAAACTGTTTTTT	38								CASSMAPGNANEKLFF		:::::::::0:-5:12:::::30:-5:48:::
134	384.0	0.0025845184651729406	TGTGCCAGCAGCGTGGCTCCTGGTAACACCAATGAAAAACTGTTTTTT	HHHGHHHGGGGGHHGHGHGHHHHHGHGHHHHHHHGHHHHHHGGHHHHH	TRBV7-6*00(1371.5)		TRBJ1-4*00(229.3)		430|442|467|0|12||60.0		25|43|71|30|48||90.0												TGTGCCAGCAGCGTGGCTCCTGGTAACACCAATGAAAAACTGTTTTTT	38								CASSVAPGNTNEKLFF		:::::::::0:-5:12:::::30:-5:48:::
135	383.0	0.0025777879483365527	TGTGCCAGCAGCTTCGCTCCTGGTACCACCAATGAAAAACTGTTTTTT	HHHGHHHHHHGGGGGHGHGHHHHHGGGHHHHHHHGHHHHHHGGHHHHH	TRBV7-6*00(1377)		TRBJ1-4*00(229.1)		430|444|467|0|14||70.0		25|43|71|30|48||90.0												TGTGCCAGCAGCTTCGCTCCTGGTACCACCAATGAAAAACTGTTTTTT	38								CASSFAPGTTNEKLFF		:::::::::0:-3:14:::::30:-5:48:::
136	382.0	0.002571057431500165	TGTGCCAGCAGCTTGGCTCCTGGTACCAACAATGAAAAACTGTTTTTT	HHHGHHHHHHGHHHGHGHGHHHHHGHHHHHHHHHGHHHHHHGGHHHHH	TRBV7-6*00(1386.2)		TRBJ1-4*00(229.1)		430|444|467|0|14||70.0		25|43|71|30|48||90.0												TGTGCCAGCAGCTTGGCTCCTGGTACCAACAATGAAAAACTGTTTTTT	38								CASSLAPGTNNEKLFF		:::::::::0:-3:14:::::30:-5:48:::
137	382.0	0.002571057431500165	TGTGCCAGCAGCCTCGCTCCTGGTACCAGCAATGAAAAACTGTTTTTT	HHHGHHHGHHGGGGGHGHGHHHHHHHHHHHHHHHGHHHHHHGGHHHHH	TRBV7-6*00(1364.3)		TRBJ1-4*00(229.4)		430|442|467|0|12||60.0		25|43|71|30|48||90.0												TGTGCCAGCAGCCTCGCTCCTGGTACCAGCAATGAAAAACTGTTTTTT	38								CASSLAPGTSNEKLFF		:::::::::0:-5:12:::::30:-5:48:::
138	381.0	0.002564326914663777	TGTGCCAGCAGCATCGCTCCTGGTATCGACAATGAAAAACTGTTTTTT	HHHGHHHHHHGGHGGHGHGHHHGHGHGHHHHHHHGHHHHHHGGHHHHH	TRBV7-6*00(1373.2)		TRBJ1-4*00(229.3)		430|442|467|0|12||60.0		25|43|71|30|48||90.0												TGTGCCAGCAGCATCGCTCCTGGTATCGACAATGAAAAACTGTTTTTT	38								CASSIAPGIDNEKLFF		:::::::::0:-5:12:::::30:-5:48:::
139	379.0	0.0025508658809910013	TGTGCCAGCAGCTTCGCTCCTGGTGGCGTCAATGAAAAACTGTTTTTT	HHHGHHHHHHGGGGGHGHGHHHGGGGGHHHHHHHGHHHHHHGGHHHHH	TRBV7-6*00(1395.1)		TRBJ1-4*00(229.6)		430|444|467|0|14||70.0		25|43|71|30|48||90.0												TGTGCCAGCAGCTTCGCTCCTGGTGGCGTCAATGAAAAACTGTTTTTT	38								CASSFAPGGVNEKLFF		:::::::::0:-3:14:::::30:-5:48:::
140	379.0	0.0025508658809910013	TGTGCCAGCAGCGTCGCTCCTGGTAGCGACAATGAAAAACTGTTTTTT	HHHGHHHGGGGGGGGHGHGHHHGGGHGHHHHHHHGHHHHHHGGHHHHH	TRBV7-6*00(1366.6)	TRBD2*00(25)	TRBJ1-4*00(228.8)		430|442|467|0|12||60.0	21|26|48|23|28||25.0	25|43|71|30|48||90.0												TGTGCCAGCAGCGTCGCTCCTGGTAGCGACAATGAAAAACTGTTTTTT	38								CASSVAPGSDNEKLFF		:::::::::0:-5:12:23:-5:-6:28:30:-5:48:::
141	379.0	0.0025508658809910013	TGTGCCAGCAGCATCGCTCCTGGTAGCACCAATGAAAAACTGTTTTTT	HHHGHHHHHHGGHGGHGHGHHHHHHHGHHHHHHHGHHHHHHGGHHHHH	TRBV7-6*00(1370.6)		TRBJ1-4*00(228.9)		430|442|467|0|12||60.0		25|43|71|30|48||90.0												TGTGCCAGCAGCATCGCTCCTGGTAGCACCAATGAAAAACTGTTTTTT	38								CASSIAPGSTNEKLFF		:::::::::0:-5:12:::::30:-5:48:::
142	377.0	0.0025374048473182256	TGTGCCAGCAGCTTGGCTCCTGGTACCATCAATGAAAAACTGTTTTTT	HHHGHHHHHHGHHHGHGHGHHHHHHHHHHHHHHHGHHHHHHGGHHHHH	TRBV7-6*00(1380.4)		TRBJ1-4*00(229.5)		430|444|467|0|14||70.0		25|43|71|30|48||90.0												TGTGCCAGCAGCTTGGCTCCTGGTACCATCAATGAAAAACTGTTTTTT	38								CASSLAPGTINEKLFF		:::::::::0:-3:14:::::30:-5:48:::
143	377.0	0.0025374048473182256	TGTGCCAGCAGCCTGGCTCCTGGTAGCATCAATGAAAAACTGTTTTTT	HHHGHHHGHHHHHHGHGHGHHHHHHHHHHHHHHHGHHHHHHGGHHHHH	TRBV7-6*00(1376.7)		TRBJ1-4*00(229.5)		430|442|467|0|12||60.0		25|43|71|30|48||90.0												TGTGCCAGCAGCCTGGCTCCTGGTAGCATCAATGAAAAACTGTTTTTT	38								CASSLAPGSINEKLFF		:::::::::0:-5:12:::::30:-5:48:::
144	377.0	0.0025374048473182256	TGTGCCAGCAGCATCGCTCCTGGTGACAGCAATGAAAAACTGTTTTTT	HHHGHHHHHHGGHGGHGHGHHHHHHHHHHHHHHHGHHHHHHGGHHHHH	TRBV7-6*00(1369.2)	TRBD1*00(25)	TRBJ1-4*00(229.3)		430|442|467|0|12||60.0	14|19|36|24|29||25.0	25|43|71|30|48||90.0												TGTGCCAGCAGCATCGCTCCTGGTGACAGCAATGAAAAACTGTTTTTT	38								CASSIAPGDSNEKLFF		:::::::::0:-5:12:24:-2:-5:29:30:-5:48:::
145	377.0	0.0025374048473182256	TGTGCCAGCAGCATCGCTCCTGGTATCATCAATGAAAAACTGTTTTTT	HHHGHHHHHHGGHGGHGHGHHHHHHHHHHHHHHHGHHHHHHGGHHHHH	TRBV7-6*00(1377.9)		TRBJ1-4*00(229)		430|442|467|0|12||60.0		25|43|71|30|48||90.0												TGTGCCAGCAGCATCGCTCCTGGTATCATCAATGAAAAACTGTTTTTT	38								CASSIAPGIINEKLFF		:::::::::0:-5:12:::::30:-5:48:::
146	377.0	0.0025374048473182256	TGTGCCAGCAGCATGGCTCCTGGTAGCGTCAATGAAAAACTGTTTTTT	HHHGHHHHHHHHHHGHGHGHHHGGGGGHHHHHHHGHHHHHHGGHHHHH	TRBV7-6*00(1380.1)	TRBD2*00(25)	TRBJ1-4*00(228.7)		430|442|467|0|12||60.0	21|26|48|23|28||25.0	25|43|71|30|48||90.0												TGTGCCAGCAGCATGGCTCCTGGTAGCGTCAATGAAAAACTGTTTTTT	38								CASSMAPGSVNEKLFF		:::::::::0:-5:12:23:-5:-6:28:30:-5:48:::
147	376.0	0.0025306743304818378	TGTGCCAGCAGCATCGCTCCTGTGGCACCAATGAAAAACTGTTTTTT	HHHGHHHHHHHHHHHHGHHHHHHHHHHHHHHHHHHHHHHHGGHHHHH	TRBV7-6*00(1367.2)	TRBD1*00(25)	TRBJ1-4*00(229.5)		430|442|467|0|12||60.0	4|9|36|18|23||25.0	25|43|71|29|47||90.0												TGTGCCAGCAGCATCGCTCCTGTGGCACCAATGAAAAACTGTTTTTT	38								CASSIAPV_TNEKLFF		:::::::::0:-5:12:18:8:-15:23:29:-5:47:::
148	374.0	0.002517213296809062	TGTGCCAGCAGCCTCGCTCCTGGTGCCGTCAATGAAAAACTGTTTTTT	HHHGHHHGHHGGGGGHGHGHHGGGGGGHHHHHHHGHHHHHHGGHHHHH	TRBV7-6*00(1378.9)		TRBJ1-4*00(228.9)		430|442|467|0|12||60.0		25|43|71|30|48||90.0												TGTGCCAGCAGCCTCGCTCCTGGTGCCGTCAATGAAAAACTGTTTTTT	38								CASSLAPGAVNEKLFF		:::::::::0:-5:12:::::30:-5:48:::
149	373.0	0.002510482779972674	TGTGCCAGCAGCCTGGCTCCTGGTGACACCAATGAAAAACTGTTTTTT	HHHGHHHGHHHHHHGHGHGHHHHHHHGHHHHHHHGHHHHHHGGHHHHH	TRBV7-6*00(1365.8)		TRBJ1-4*00(229)		430|442|467|0|12||60.0		25|43|71|30|48||90.0												TGTGCCAGCAGCCTGGCTCCTGGTGACACCAATGAAAAACTGTTTTTT	38								CASSLAPGDTNEKLFF		:::::::::0:-5:12:::::30:-5:48:::
150	371.0	0.0024970217462998985	TGTGCCAGCAGCATCGCTCCTGGTGTCATCAATGAAAAACTGTTTTTT	HHHGHHHHHHGGHGGHGHGHHGHHHHHHHHHHHHGHHHHHHGGHHHHH	TRBV7-6*00(1382.8)		TRBJ1-4*00(229.5)		430|442|467|0|12||60.0		25|43|71|30|48||90.0												TGTGCCAGCAGCATCGCTCCTGGTGTCATCAATGAAAAACTGTTTTTT	38								CASSIAPGVINEKLFF		:::::::::0:-5:12:::::30:-5:48:::
151	371.0	0.0024970217462998985	TGTGCCAGCAGCATCGCTCCTGGTAGCGCCAATGAAAAACTGTTTTTT	HHHGHHHHHHGGHGGHGHGHHHGGGGGHHHHHHHGHHHHHHGGHHHHH	TRBV7-6*00(1371.6)	TRBD1*00(25),TRBD2*00(25)	TRBJ1-4*00(229.3)		430|442|467|0|12||60.0	22|27|36|25|30||25.0;21|26|48|23|28||25.0	25|43|71|30|48||90.0												TGTGCCAGCAGCATCGCTCCTGGTAGCGCCAATGAAAAACTGTTTTTT	38								CASSIAPGSANEKLFF		:::::::::0:-5:12:25:-10:3:30:30:-5:48:::
152	371.0	0.0024970217462998985	TGTGCCAGCAGCATCGCTACTGGTATCAACAATGAAAAACTGTTTTTT	HHHGHHHHHHGGHGGHHHHHHHHHHHHHHHHHHHGHHHHHHGGHHHHH	TRBV7-6*00(1374.3)	TRBD2*00(25)	TRBJ1-4*00(229.3)		430|442|467|0|12||60.0	6|11|48|14|19||25.0	25|43|71|30|48||90.0												TGTGCCAGCAGCATCGCTACTGGTATCAACAATGAAAAACTGTTTTTT	38								CASSIATGINNEKLFF		:::::::::0:-5:12:14:10:-21:19:30:-5:48:::
153	371.0	0.0024970217462998985	TGTGCCAGCAGCATGGCTCCTGGTGTCGTCAATGAAAAACTGTTTTTT	HHHGHHHHHHHHHHGHGHGHHGGGGGGHHHHHHHGHHHHHHGGHHHHH	TRBV7-6*00(1373.6)		TRBJ1-4*00(229.1)		430|442|467|0|12||60.0		25|43|71|30|48||90.0												TGTGCCAGCAGCATGGCTCCTGGTGTCGTCAATGAAAAACTGTTTTTT	38								CASSMAPGVVNEKLFF		:::::::::0:-5:12:::::30:-5:48:::
154	370.0	0.0024902912294635106	TGTGCCAGCAGCTTCGCTCCTGGTAACATCAATGAAAAACTGTTTTTT	HHHGHHHHHHGGGGGHGHGHHHHHHHHHHHHHHHGHHHHHHGGHHHHH	TRBV7-6*00(1375.1)		TRBJ1-4*00(228.9)		430|444|467|0|14||70.0		25|43|71|30|48||90.0												TGTGCCAGCAGCTTCGCTCCTGGTAACATCAATGAAAAACTGTTTTTT	38								CASSFAPGNINEKLFF		:::::::::0:-3:14:::::30:-5:48:::
155	370.0	0.0024902912294635106	TGTGCCAGCAGCTTGGCTCCTGGTATCGTCAATGAAAAACTGTTTTTT	HHHGHHHHHHGHHHGHGHGHHHGGGGGHHHHHHHGHHHHHHGGHHHHH	TRBV7-6*00(1380.6)		TRBJ1-4*00(229.4)		430|444|467|0|14||70.0		25|43|71|30|48||90.0												TGTGCCAGCAGCTTGGCTCCTGGTATCGTCAATGAAAAACTGTTTTTT	38								CASSLAPGIVNEKLFF		:::::::::0:-3:14:::::30:-5:48:::
156	369.0	0.002483560712627123	TGTGCCAGCAGCTTGGCTCCTGGTAACGACAATGAAAAACTGTTTTTT	HHHGHHHHHHGHHHGHGHGHHHGHGGGHHHHHHHGHHHHHHGGHHHHH	TRBV7-6*00(1391.8)		TRBJ1-4*00(229.3)		430|444|467|0|14||70.0		25|43|71|30|48||90.0												TGTGCCAGCAGCTTGGCTCCTGGTAACGACAATGAAAAACTGTTTTTT	38								CASSLAPGNDNEKLFF		:::::::::0:-3:14:::::30:-5:48:::
157	368.0	0.002476830195790735	TGTGCCAGCAGCTTGGCTCCTGGTAACATCAATGAAAAACTGTTTTTT	HHHGHHHHHHGHHHGHGHGHHHHHHHHHHHHHHHGHHHHHHGGHHHHH	TRBV7-6*00(1368.6)		TRBJ1-4*00(229.3)		430|444|467|0|14||70.0		25|43|71|30|48||90.0												TGTGCCAGCAGCTTGGCTCCTGGTAACATCAATGAAAAACTGTTTTTT	38								CASSLAPGNINEKLFF		:::::::::0:-3:14:::::30:-5:48:::
158	368.0	0.002476830195790735	TGTGCCAGCAGCATCGCTCCTGGTATCGCCAATGAAAAACTGTTTTTT	HHHGHHHHHHGGHHHHGHHHHHGHGHHHHHHHHHHHHHHHHHGHHHHH	TRBV7-6*00(1343.1)		TRBJ1-4*00(229.2)		430|442|467|0|12||60.0		25|43|71|30|48||90.0												TGTGCCAGCAGCATCGCTCCTGGTATCGCCAATGAAAAACTGTTTTTT	38								CASSIAPGIANEKLFF		:::::::::0:-5:12:::::30:-5:48:::
159	367.0	0.002470099678954347	TGTGCCAGCAGCGTCGCTCCTGGTGACACCAATGAAAAACTGTTTTTT	HHHGHHHGGGGGGGGHGHGHHHHHHHGHHHHHHHGHHHHHHGGHHHHH	TRBV7-6*00(1374.3)		TRBJ1-4*00(228.9)		430|442|467|0|12||60.0		25|43|71|30|48||90.0												TGTGCCAGCAGCGTCGCTCCTGGTGACACCAATGAAAAACTGTTTTTT	38								CASSVAPGDTNEKLFF		:::::::::0:-5:12:::::30:-5:48:::
160	366.0	0.0024633691621179592	TGTGCCAGCAGTTTGGCTCCTGGTATCACCAATGAAAAACTGTTTTTT	HHHGHHHHHHHHHHGHGHGHHHHHHHGHHHHHHHGHHHHHHGGHHHHH	TRBV7-6*00(1371.1)		TRBJ1-4*00(229.5)		430|441|467|0|11||55.0		25|43|71|30|48||90.0												TGTGCCAGCAGTTTGGCTCCTGGTATCACCAATGAAAAACTGTTTTTT	38								CASSLAPGITNEKLFF		:::::::::0:-6:11:::::30:-5:48:::
161	366.0	0.0024633691621179592	TGTGCCAGCAGCATCGCTCCTGGTAGCAGCAATGAAAAACTGTTTTTT	HHHGHHHHHHGGHGGHGHGHHHHHHHHHHHHHHHGHHHHHHGGHHHHH	TRBV7-6*00(1371.9)		TRBJ1-4*00(228.9)		430|442|467|0|12||60.0		25|43|71|30|48||90.0												TGTGCCAGCAGCATCGCTCCTGGTAGCAGCAATGAAAAACTGTTTTTT	38								CASSIAPGSSNEKLFF		:::::::::0:-5:12:::::30:-5:48:::
162	366.0	0.0024633691621179592	TCCCAGCAGCCTCGCTCCTGGTGACACCAATGAAAAACTGTTTTTT	HGHHHGHHGGGGGHGHGHHHHHHHGHHHHHHHGHHHHHHGGHHHHH	TRBV7-6*00(1320.3)		TRBJ1-4*00(229.4)		430|431|467|0|1||5.0		25|43|71|28|46||90.0												TCCCAGCAGCCTCGCTCCTGGTGACACCAATGAAAAACTGTTTTTT	38								SQQPRSW*_TNEKLFF		:::::::::0:-16:1:::::28:-5:46:::
163	365.0	0.0024566386452815714	TGTGCCAGCAGCATGGCTCCTGGTATCGCCAATGAAAAACTGTTTTTT	HHHGHHHHHHHHHHGHGHGHHHGGGGGHHHHHHHGHHHHHHGGHHHHH	TRBV7-6*00(1359.8)		TRBJ1-4*00(229.4)		430|442|467|0|12||60.0		25|43|71|30|48||90.0												TGTGCCAGCAGCATGGCTCCTGGTATCGCCAATGAAAAACTGTTTTTT	38								CASSMAPGIANEKLFF		:::::::::0:-5:12:::::30:-5:48:::
164	362.0	0.0024364470947724074	TGTGCCAGCAGCCTCGCTCCTGGTGCCACCAATGAAAAACTGTTTTTT	HHHGHHHGHHGGGGGHGHGHHGHHHGGHHHHHHHGHHHHHHGGHHHHH	TRBV7-6*00(1372.8)		TRBJ1-4*00(232.4)		430|442|467|0|12||60.0		18|43|71|23|48|SA21CST24C|93.0												TGTGCCAGCAGCCTCGCTCCTGGTGCCACCAATGAAAAACTGTTTTTT	38								CASSLAPGATNEKLFF		:::::::::0:-5:12:::::23:2:48:::
165	362.0	0.0024364470947724074	TGTGCCAGCAGCATCGCTCCTGGTACCGACAATGAAAAACTGTTTTTT	HHHGHHHHHHGGHGGHGHGHHHGHGGGHHHHHHHGHHHHHHGGHHHHH	TRBV7-6*00(1369.8)		TRBJ1-4*00(229.1)		430|442|467|0|12||60.0		25|43|71|30|48||90.0												TGTGCCAGCAGCATCGCTCCTGGTACCGACAATGAAAAACTGTTTTTT	38								CASSIAPGTDNEKLFF		:::::::::0:-5:12:::::30:-5:48:::
166	361.0	0.0024297165779360195	TGTGTCAGCAGCCTGGCTCCTGGTGACACCAATGAAAAACTGTTTTTT	HHHHHHHGHHHHHHGHGHGHHHHHHHGHHHHHHHGHHHHHHGGHHHHH	TRBV7-6*00(1361.2)		TRBJ1-4*00(229.4)		430|442|467|0|12|SC434T|44.0		25|43|71|30|48||90.0												TGTGTCAGCAGCCTGGCTCCTGGTGACACCAATGAAAAACTGTTTTTT	38								CVSSLAPGDTNEKLFF		:::::::::0:-5:12:::::30:-5:48:::
167	360.0	0.0024229860610996317	TGTGCCAGCAGCATGGCTCCTGGTGACAACAATGAAAAACTGTTTTTT	HHHGHHHHHHHHHHGHGHGHHHHHHHHHHHHHHHGHHHHHHGGHHHHH	TRBV7-6*00(1360.3)		TRBJ1-4*00(229)		430|442|467|0|12||60.0		25|43|71|30|48||90.0												TGTGCCAGCAGCATGGCTCCTGGTGACAACAATGAAAAACTGTTTTTT	38								CASSMAPGDNNEKLFF		:::::::::0:-5:12:::::30:-5:48:::
168	359.0	0.002416255544263244	TGTGCCAGCAGCATCGCTCCTGGTATCAGCAATGAAAAACTGTTTTTT	HHHGHHHHHHGGHGGHGHGHHHHHHHHHHHHHHHGHHHHHHGGHHHHH	TRBV7-6*00(1379.5)		TRBJ1-4*00(229.2)		430|442|467|0|12||60.0		25|43|71|30|48||90.0												TGTGCCAGCAGCATCGCTCCTGGTATCAGCAATGAAAAACTGTTTTTT	38								CASSIAPGISNEKLFF		:::::::::0:-5:12:::::30:-5:48:::
169	352.0	0.002369141926408529	TGTGCCAGCAGCATGGCTCCTGGTATCGGCAATGAAAAACTGTTTTTT	HHHGHHHHHHHHHHGHGHGHHHGGGGGHHHHHHHGHHHHHHGGHHHHH	TRBV7-6*00(1379.3)		TRBJ1-4*00(229.5)		430|442|467|0|12||60.0		25|43|71|30|48||90.0												TGTGCCAGCAGCATGGCTCCTGGTATCGGCAATGAAAAACTGTTTTTT	38								CASSMAPGIGNEKLFF		:::::::::0:-5:12:::::30:-5:48:::
170	351.0	0.002362411409572141	TGTGCCAGCAGCTTCGCTCCTGGTGTCAACAATGAAAAACTGTTTTTT	HHHHHHHHHHHHHHHHGHHHHHHHHHHHHHHHHHGHHHHHHHHHHHHH	TRBV7-6*00(1385.1)		TRBJ1-4*00(228.8)		430|444|467|0|14||70.0		25|43|71|30|48||90.0												TGTGCCAGCAGCTTCGCTCCTGGTGTCAACAATGAAAAACTGTTTTTT	38								CASSFAPGVNNEKLFF		:::::::::0:-3:14:::::30:-5:48:::
171	351.0	0.002362411409572141	TGTGCCAGCAGCGTCGCTCCTGGTACCATCAATGAAAAACTGTTTTTT	HHHGHHHGGGGGGGGHGHGHHHHHHHHHHHHHHHGHHHHHHGGHHHHH	TRBV7-6*00(1379.7)		TRBJ1-4*00(229.1)		430|442|467|0|12||60.0		25|43|71|30|48||90.0												TGTGCCAGCAGCGTCGCTCCTGGTACCATCAATGAAAAACTGTTTTTT	38								CASSVAPGTINEKLFF		:::::::::0:-5:12:::::30:-5:48:::
172	350.0	0.002355680892735753	TGTGCCAGCAGCCTCGCTCCTGGTAGCATCAATGAAAAACTGTTTTTT	HHHGHHHGHHGGGGGHGHGHHHHHHHHHHHHHHHGHHHHHHGGHHHHH	TRBV7-6*00(1368.1)		TRBJ1-4*00(229)		430|442|467|0|12||60.0		25|43|71|30|48||90.0												TGTGCCAGCAGCCTCGCTCCTGGTAGCATCAATGAAAAACTGTTTTTT	38								CASSLAPGSINEKLFF		:::::::::0:-5:12:::::30:-5:48:::
173	348.0	0.0023422198590629774	TGTGCCAGCAGCTTCGCTCCTGGTGCCGACAATGAAAAACTGTTTTTT	HHHGHHHHHHGGGGGHGHGHHGGGGGGHHHHHHHGHHHHHHGGHHHHH	TRBV7-6*00(1365.5)		TRBJ1-4*00(229.6)		430|444|467|0|14||70.0		25|43|71|30|48||90.0												TGTGCCAGCAGCTTCGCTCCTGGTGCCGACAATGAAAAACTGTTTTTT	38								CASSFAPGADNEKLFF		:::::::::0:-3:14:::::30:-5:48:::
174	347.0	0.0023354893422265896	TGTGCCAGCAGCCTCGCTCCTGGTGTCAACAATGAAAAACTGTTTTTT	HHHGHHHGHHGGGGGHGHGHHGHHHHHHHHHHHHGHHHHHHGGHHHHH	TRBV7-6*00(1378.2)		TRBJ1-4*00(229.5)		430|442|467|0|12||60.0		25|43|71|30|48||90.0												TGTGCCAGCAGCCTCGCTCCTGGTGTCAACAATGAAAAACTGTTTTTT	38								CASSLAPGVNNEKLFF		:::::::::0:-5:12:::::30:-5:48:::
175	345.0	0.002322028308553814	TGTGCCAGCAGCTTCGCTCCTGGTGTCGCCAATGAAAAACTGTTTTTT	HHHGHHHHHHGGGGGHGHGHHGGGGGGHHHHHHHGHHHHHHGGHHHHH	TRBV7-6*00(947.2),TRBV7-7*00(836.7)		TRBJ1-4*00(229.7)		430|444|467|0|14||70.0;430|444|467|0|14||70.0		25|43|71|30|48||90.0												TGTGCCAGCAGCTTCGCTCCTGGTGTCGCCAATGAAAAACTGTTTTTT	38								CASSFAPGVANEKLFF		:::::::::0:-3:14:::::30:-5:48:::
176	345.0	0.002322028308553814	TGTGCCAGCAGCGTCGCTCCTGGTAACGCCAATGAAAAACTGTTTTTT	HHHGHHHGGGGGGGGHGHGHHHGGGGGHHHHHHHGHHHHHHGGHHHHH	TRBV7-6*00(1372)		TRBJ1-4*00(229.2)		430|442|467|0|12||60.0		25|43|71|30|48||90.0												TGTGCCAGCAGCGTCGCTCCTGGTAACGCCAATGAAAAACTGTTTTTT	38								CASSVAPGNANEKLFF		:::::::::0:-5:12:::::30:-5:48:::
177	344.0	0.002315297791717426	TGTGCCAGCAGCATGGCTCCTGGTGCCACCAATGAAAAACTGTTTTTT	HHHGHHHHHHHHHHGHGHGHHGHHHGGHHHHHHHGHHHHHHGGHHHHH	TRBV7-6*00(1354.2)		TRBJ1-4*00(217.2)		430|442|467|0|12||60.0		18|43|71|23|48|SA21CST24C|93.0												TGTGCCAGCAGCATGGCTCCTGGTGCCACCAATGAAAAACTGTTTTTT	38								CASSMAPGATNEKLFF		:::::::::0:-5:12:::::23:2:48:::
178	342.0	0.0023018367580446503	TGTGCCAGCAGCATCGCTCCTGGTGTCGGCAATGAAAAACTGTTTTTT	HHHGHHHHHHGGHGGHGHGHHGGGGGGHHHHHHHGHHHHHHGGHHHHH	TRBV7-6*00(1369)		TRBJ1-4*00(229.3)		430|442|467|0|12||60.0		25|43|71|30|48||90.0												TGTGCCAGCAGCATCGCTCCTGGTGTCGGCAATGAAAAACTGTTTTTT	38								CASSIAPGVGNEKLFF		:::::::::0:-5:12:::::30:-5:48:::
179	342.0	0.0023018367580446503	TGTGCCAGCAGCATGGCTCCTGGTGACGTCAATGAAAAACTGTTTTTT	HHHGHHHHHHHHHHGHGHGHHHGGGGGHHHHHHHGHHHHHHGGHHHHH	TRBV7-6*00(1373.6)		TRBJ1-4*00(229.1)		430|442|467|0|12||60.0		25|43|71|30|48||90.0												TGTGCCAGCAGCATGGCTCCTGGTGACGTCAATGAAAAACTGTTTTTT	38								CASSMAPGDVNEKLFF		:::::::::0:-5:12:::::30:-5:48:::
180	337.0	0.002268184173862711	TGTGCCAGCAGCGTCGCTCCTGGTGTCACCAATGAAAAACTGTTTTTT	HHHGHHHGGGGGGGGHGHGHHGHHHHGHHHHHHHGHHHHHHGGHHHHH	TRBV7-6*00(1368.2)		TRBJ1-4*00(229.2)		430|442|467|0|12||60.0		25|43|71|30|48||90.0												TGTGCCAGCAGCGTCGCTCCTGGTGTCACCAATGAAAAACTGTTTTTT	38								CASSVAPGVTNEKLFF		:::::::::0:-5:12:::::30:-5:48:::
181	324.0	0.0021806874549896685	TGTGCCAGCAGCGTCGCTCCTGGTGACGACAATGAAAAACTGTTTTTT	HHHGHHHGGGGGGGGHGHGHHHGHGGGHHHHHHHGHHHHHHGGHHHHH	TRBV7-6*00(1376.8)		TRBJ1-4*00(229.2)		430|442|467|0|12||60.0		25|43|71|30|48||90.0												TGTGCCAGCAGCGTCGCTCCTGGTGACGACAATGAAAAACTGTTTTTT	38								CASSVAPGDDNEKLFF		:::::::::0:-5:12:::::30:-5:48:::
182	324.0	0.0021806874549896685	TGTGCCAGCAGCATCGCTCCTGGTATTATCAATGAAAAACTGTTTTTT	HHHGHHHHHHGGHGGHGHGHHHHHHHHHHHHHHHGHHHHHHGGHHHHH	TRBV7-6*00(1370.6)		TRBJ1-4*00(229.2)		430|442|467|0|12||60.0		25|43|71|30|48||90.0												TGTGCCAGCAGCATCGCTCCTGGTATTATCAATGAAAAACTGTTTTTT	38								CASSIAPGIINEKLFF		:::::::::0:-5:12:::::30:-5:48:::
183	324.0	0.0021806874549896685	TGTGCCAGCAGCATGGCTCCTGGTATCGACAATGAAAAACTGTTTTTT	HHHGHHHHHHHHHHGHGHGHHHGHGHGHHHHHHHGHHHHHHGGHHHHH	TRBV7-6*00(1375.3)		TRBJ1-4*00(229.3)		430|442|467|0|12||60.0		25|43|71|30|48||90.0												TGTGCCAGCAGCATGGCTCCTGGTATCGACAATGAAAAACTGTTTTTT	38								CASSMAPGIDNEKLFF		:::::::::0:-5:12:::::30:-5:48:::
184	319.0	0.0021470348708077292	TGTGCCAGCAGCTTGGCTCCTGGTACCGACAATGAAAAACTGTTTTTT	HHHGHHHHHHGHHHGHGHGHHHGHGGGHHHHHHHGHHHHHHGGHHHHH	TRBV7-6*00(1378.3)		TRBJ1-4*00(228.8)		430|444|467|0|14||70.0		25|43|71|30|48||90.0												TGTGCCAGCAGCTTGGCTCCTGGTACCGACAATGAAAAACTGTTTTTT	38								CASSLAPGTDNEKLFF		:::::::::0:-3:14:::::30:-5:48:::
185	319.0	0.0021470348708077292	CGTGCCAGCAGCGTCGCTCCTGGTGTCACCAATGAAAAACTGTTTTTT	GHHGHHHGGGGGGGGHGHGHHGHHHHGHHHHHHHGHHHHHHGGHHHHH	TRBV7-6*00(1359.3)		TRBJ1-4*00(229.4)		430|442|467|0|12|ST430C|44.0		25|43|71|30|48||90.0												CGTGCCAGCAGCGTCGCTCCTGGTGTCACCAATGAAAAACTGTTTTTT	38								RASSVAPGVTNEKLFF		:::::::::0:-5:12:::::30:-5:48:::
186	317.0	0.0021335738371349535	TGTGCCAGCAGCATGGCTCCTGGTGTCGCCAATGAAAAACTGGTTTTT	HHHGHHHHHHHHHHGHGHGHHGGGGGGHHHHHHHGHHHHHHGGHHHHH	TRBV7-6*00(1371.2)		TRBJ1-4*00(198.1)		430|442|467|0|12||60.0		25|43|71|30|48|ST37G|74.0												TGTGCCAGCAGCATGGCTCCTGGTGTCGCCAATGAAAAACTGGTTTTT	38								CASSMAPGVANEKLVF		:::::::::0:-5:12:::::30:-5:48:::
187	306.0	0.002059538151934687	TGTGCCAGCAGCTTGGCTCCTGGTGTCGGCAATGAAAAACTGTTTTTT	HHHGHHHHHHGHHHGHGHGHHGGGGGGHHHHHHHGHHHHHHGGHHHHH	TRBV7-6*00(1381)		TRBJ1-4*00(229.4)		430|444|467|0|14||70.0		25|43|71|30|48||90.0												TGTGCCAGCAGCTTGGCTCCTGGTGTCGGCAATGAAAAACTGTTTTTT	38								CASSLAPGVGNEKLFF		:::::::::0:-3:14:::::30:-5:48:::
188	305.0	0.0020528076350982993	TGTGCTAGCAGCCTCGCTCCTGGTGCCGCCAATGAAAAACTGTTTTTT	HHHHHHHGHHGGGGGHGHGHHGGGGGGHHHHHHHGHHHHHHGGHHHHH	TRBV7-6*00(1353)		TRBJ1-4*00(229.4)		430|442|467|0|12|SC435T|44.0		25|43|71|30|48||90.0												TGTGCTAGCAGCCTCGCTCCTGGTGCCGCCAATGAAAAACTGTTTTTT	38								CASSLAPGAANEKLFF		:::::::::0:-5:12:::::30:-5:48:::
189	302.0	0.0020326160845891357	TGTGCCAGCAGCCTCGCTCCTGGTAACGTCAATGAAAAACTGTTTTTT	HHHGHHHGHHGGGGGHGHGHHHGHGGGHHHHHHHGHHHHHHGGHHHHH	TRBV7-6*00(1363.5)		TRBJ1-4*00(229.7)		430|442|467|0|12||60.0		25|43|71|30|48||90.0												TGTGCCAGCAGCCTCGCTCCTGGTAACGTCAATGAAAAACTGTTTTTT	38								CASSLAPGNVNEKLFF		:::::::::0:-5:12:::::30:-5:48:::
190	295.0	0.0019855024667344207	TGTGCCAGCAGCCTGGCTCCTGGTGGCACCAATGAAAAACTGTTTTTT	HHHGHHHGHHHHHHGHGHGHHHHHHHGHHHHHHHGHHHHHHGGHHHHH	TRBV7-6*00(1372.4)		TRBJ1-4*00(229.1)		430|442|467|0|12||60.0		25|43|71|30|48||90.0												TGTGCCAGCAGCCTGGCTCCTGGTGGCACCAATGAAAAACTGTTTTTT	38								CASSLAPGGTNEKLFF		:::::::::0:-5:12:::::30:-5:48:::
191	295.0	0.0019855024667344207	TGTGCCAGCAGCATGGCTCCTGGTGACGACAATGAAAAACTGTTTTTT	HHHGHHHHHHHHHHGHGHGHHHGHGGGHHHHHHHHHHHHHHGGHHHHH	TRBV7-6*00(1371.2)		TRBJ1-4*00(229.4)		430|442|467|0|12||60.0		25|43|71|30|48||90.0												TGTGCCAGCAGCATGGCTCCTGGTGACGACAATGAAAAACTGTTTTTT	38								CASSMAPGDDNEKLFF		:::::::::0:-5:12:::::30:-5:48:::
192	294.0	0.0019787719498980325	TGTGCCAGCAGCCTGGCTCCTGGTGCCAGCAATGAAAAACTGTTTTTT	HHHGHHHGHHHHHHGHGHGHHGHHGHHHHHHHHHGHHHHHHGGHHHHH	TRBV7-6*00(1308.6)		TRBJ1-4*00(229.5)		430|442|467|0|12||60.0		25|43|71|30|48||90.0												TGTGCCAGCAGCCTGGCTCCTGGTGCCAGCAATGAAAAACTGTTTTTT	38								CASSLAPGASNEKLFF		:::::::::0:-5:12:::::30:-5:48:::
193	278.0	0.0018710836805158268	TGTGCCAGCAGCATCGCTCCTGGTACCGTCAATGAAAAACTGTTTTTT	HHHGHHHHHHGGHGGHGHGHHHGHGGGHHHHHHHGHHHHHHGGHHHHH	TRBV7-6*00(1348.6)		TRBJ1-4*00(229.6)		430|442|467|0|12||60.0		25|43|71|30|48||90.0												TGTGCCAGCAGCATCGCTCCTGGTACCGTCAATGAAAAACTGTTTTTT	38								CASSIAPGTVNEKLFF		:::::::::0:-5:12:::::30:-5:48:::
194	266.0	0.0017903174784791723	TGTGCTAGCAGCGTGGCTCCTGGTACCACCAATGAAAAACTGTTTTTT	HHHHHHHGGGGGHHGHGHGHHHHHGGGHHHHHHHGHHHHHHGGHHHHH	TRBV7-6*00(1365.7)		TRBJ1-4*00(229.5)		430|442|467|0|12|SC435T|44.0		25|43|71|30|48||90.0												TGTGCTAGCAGCGTGGCTCCTGGTACCACCAATGAAAAACTGTTTTTT	38								CASSVAPGTTNEKLFF		:::::::::0:-5:12:::::30:-5:48:::
195	266.0	0.0017903174784791723	TGTGCCAGCAGCGTCGCTCCTGGTACCACCAATGAAAAACTGTTTTTT	HHHGHHHGGGGGGGGHGHGHHHHHGGGHHHHHHHGHHHHHHGGHHHHH	TRBV7-6*00(1367.9)		TRBJ1-4*00(229.6)		430|442|467|0|12||60.0		25|43|71|30|48||90.0												TGTGCCAGCAGCGTCGCTCCTGGTACCACCAATGAAAAACTGTTTTTT	38								CASSVAPGTTNEKLFF		:::::::::0:-5:12:::::30:-5:48:::
196	258.0	0.0017364733437880695	TGTGCCAGCAGCTTCGCTCCTGGTGGCGACAATGAAAAACTGTTTTTT	HHHGHHHHHHGGGGGHGHGHHHGGGHGHHHHHHHGHHHHHHGGHHHHH	TRBV7-6*00(1368.4)		TRBJ1-4*00(229.9)		430|444|467|0|14||70.0		25|43|71|30|48||90.0												TGTGCCAGCAGCTTCGCTCCTGGTGGCGACAATGAAAAACTGTTTTTT	38								CASSFAPGGDNEKLFF		:::::::::0:-3:14:::::30:-5:48:::
197	250.0	0.0016826292090969665	TGTGCCAGCAGCCTCGCTCCTGGTGACGCCAATGAAAAACTGTTTTTT	HHHGHHHGHHGGGGGHGHGHHHGGGGGHHHHHHHGHHHHHHGGHHHHH	TRBV7-6*00(1366.4)		TRBJ1-4*00(229.3)		430|442|467|0|12||60.0		25|43|71|30|48||90.0												TGTGCCAGCAGCCTCGCTCCTGGTGACGCCAATGAAAAACTGTTTTTT	38								CASSLAPGDANEKLFF		:::::::::0:-5:12:::::30:-5:48:::
198	228.0	0.0015345578386964335	TGTGCCAGCAGCATGGCTCCTGGTGTCACCAATGAAAAACTGTTTTTT	HHHGHHHHHHHHHHGHGHGHHGHHHHGHHHHHHHGHHHHHHGGHHHHH	TRBV7-6*00(1383)		TRBJ1-4*00(229.5)		430|442|467|0|12||60.0		25|43|71|30|48||90.0												TGTGCCAGCAGCATGGCTCCTGGTGTCACCAATGAAAAACTGTTTTTT	38								CASSMAPGVTNEKLFF		:::::::::0:-5:12:::::30:-5:48:::
199	213.0	0.0014336000861506154	TGTGCCAGCAGCCTCGCTCCTGGTAACAACAATGAAAAACTGTTTT	HHHGHHHGHHGGGGGHGHGHHHHHHHHHIHHHHHGHHHHHHHHHHH	TRBV7-6*00(1367.3)		TRBJ1-4*00(177.7)		430|442|467|0|12||60.0		25|43|71|30|46|DT41DT42|38.0												TGTGCCAGCAGCCTCGCTCCTGGTAACAACAATGAAAAACTGTTTT	38								CASSLAPG_TTMKNCF		:::::::::0:-5:12:::::30:-5:46:::
200	212.0	0.0014268695693142276	TGTGCCAGCAGCCTGGCTCCTGGTGACAACAATGAAAAACTGTTTTTT	HHHGHHHGHHHHHHGHGHGHHHHHHHHHHHHHHHGHHHHHHGGHHHHH	TRBV7-6*00(1350.5)		TRBJ1-4*00(228.7)		430|442|467|0|12||60.0		25|43|71|30|48||90.0												TGTGCCAGCAGCCTGGCTCCTGGTGACAACAATGAAAAACTGTTTTTT	38								CASSLAPGDNNEKLFF		:::::::::0:-5:12:::::30:-5:48:::
201	200.0	0.0013461033672775733	TGTGCCAGCAGCGTCGCTCCTGGTGCCAACAATGAAAAACTGTTTTTT	HHHGHHHGGGGGGGGHGHGHHGHHHHHHHHHHHHGHHHHHHGGHHHHH	TRBV7-6*00(1378.5)		TRBJ1-4*00(229.2)		430|442|467|0|12||60.0		25|43|71|30|48||90.0												TGTGCCAGCAGCGTCGCTCCTGGTGCCAACAATGAAAAACTGTTTTTT	38								CASSVAPGANNEKLFF		:::::::::0:-5:12:::::30:-5:48:::
202	189.0	0.0012720676820773067	TGTGCCAGCAGCTTCGCTCCTGGTGGCAACAATGAAAAACTGTTTTTT	HHHGHHHHHHGGGGGHGHGHHHHHHHHHHHHHHHGHHHHHHGGHHHHH	TRBV7-6*00(1386.3)		TRBJ1-4*00(233.5)		430|444|467|0|14||70.0		19|43|71|25|48|DT24|94.0												TGTGCCAGCAGCTTCGCTCCTGGTGGCAACAATGAAAAACTGTTTTTT	38								CASSFAPGGNNEKLFF		:::::::::0:-3:14:::::25:1:48:::
203	182.0	0.0012249540642225918	TGTGCCAGCAGCCTGGCTCCTGGTAGCACCAATGAAAAACTGTTTTTT	HHHGHHHGHHHHHHGHGHGHHHHHHHGHHHHHHHGHHHHHHGGHHHHH	TRBV7-6*00(1350.3)		TRBJ1-4*00(229.5)		430|442|467|0|12||60.0		25|43|71|30|48||90.0												TGTGCCAGCAGCCTGGCTCCTGGTAGCACCAATGAAAAACTGTTTTTT	38								CASSLAPGSTNEKLFF		:::::::::0:-5:12:::::30:-5:48:::
204	178.0	0.0011980319968770401	TGTGCCAGCAGCCTGGCTCCTGGTACCAACAATGAAAAACTGTTTTTC	HHHGHHHGHHHHHHGHGHGHHHHHGHHHHHHHHHGHHHHHHGHGGGGG	TRBV7-6*00(1372.2)		TRBJ1-4*00(213.5)		430|442|467|0|12||60.0		25|43|71|30|48|ST42C|74.0												TGTGCCAGCAGCCTGGCTCCTGGTACCAACAATGAAAAACTGTTTTTC	38								CASSLAPGTNNEKLFF		:::::::::0:-5:12:::::30:-5:48:::
205	171.0	0.0011509183790223252	TGTGCCAGCAGCATCGCTCCTGGTAACAGCAATGAAAAACTGTTTTTT	HHHGHHHHHHGGHGGHGHGHHHHHHHHHHHHHHHGHHHHHHGGHHHHH	TRBV7-6*00(739.3)		TRBJ1-4*00(229.5)		430|442|467|0|12||60.0		25|43|71|30|48||90.0												TGTGCCAGCAGCATCGCTCCTGGTAACAGCAATGAAAAACTGTTTTTT	38								CASSIAPGNSNEKLFF		:::::::::0:-5:12:::::30:-5:48:::
206	151.0	0.0010163080422945679	TGTGCCAGCAGCATCGCTCCTGGTGCCGACAATGAAAAACTGTTTTTT	HHHGHHHHHHGGHGGHGHGHHGGGGGGHHHHHHHGHHHHHHGGHHHHH	TRBV7-6*00(1368.8)		TRBJ1-4*00(228.3)		430|442|467|0|12||60.0		25|43|71|30|48||90.0												TGTGCCAGCAGCATCGCTCCTGGTGCCGACAATGAAAAACTGTTTTTT	38								CASSIAPGADNEKLFF		:::::::::0:-5:12:::::30:-5:48:::
207	96.0	6.461296162932351E-4	TGTGCCAGCAGCCTGGCTCCTGGTAACAGCAATGAAAAACTGTTTTTT	HHHGHHHGHHHHHHGHGHGHHHHHHHHHHHHHHHGHHHHHHGGHHHHH	TRBV7-6*00(1378.3)		TRBJ1-4*00(228.8)		430|442|467|0|12||60.0		25|43|71|30|48||90.0												TGTGCCAGCAGCCTGGCTCCTGGTAACAGCAATGAAAAACTGTTTTTT	38								CASSLAPGNSNEKLFF		:::::::::0:-5:12:::::30:-5:48:::
208	84.0	5.653634142565808E-4	TGTGCCAGCAGCTTCGCTCCTGGTACCATCAATGAAAAACTGTTTTTT	HHHGHHHHHHGGGGGHGHGHHHHHHHHHHHHHHHGHHHHHHGGHHHHH	TRBV7-6*00(1380.5)		TRBJ1-4*00(230)		430|444|467|0|14||70.0		25|43|71|30|48||90.0												TGTGCCAGCAGCTTCGCTCCTGGTACCATCAATGAAAAACTGTTTTTT	38								CASSFAPGTINEKLFF		:::::::::0:-3:14:::::30:-5:48:::
209	77.0	5.182497964018657E-4	TGTGCCAGCAGCATGGCTCCTGGTAGCATCAATGAAAAACTGTTTTTT	HHHGHHHHHHHHHHGHGHGHHHHHHHHHHHHHHHGHHHHHHGGHHHHH	TRBV7-6*00(1367)		TRBJ1-4*00(227.9)		430|442|467|0|12||60.0		25|43|71|30|48||90.0												TGTGCCAGCAGCATGGCTCCTGGTAGCATCAATGAAAAACTGTTTTTT	38								CASSMAPGSINEKLFF		:::::::::0:-5:12:::::30:-5:48:::
210	76.0	5.115192795654779E-4	TGTGCCAGCAGCCTGGCTCCTGGTAACGGCAATGAAAAACTGTTTTTT	HHHGHHHGHHHHHHGHGHGHHHGGGGGHHHHHHHGHHHHHHGGHHHHH	TRBV7-6*00(1371.6)		TRBJ1-4*00(230)		430|442|467|0|12||60.0		25|43|71|30|48||90.0												TGTGCCAGCAGCCTGGCTCCTGGTAACGGCAATGAAAAACTGTTTTTT	38								CASSLAPGNGNEKLFF		:::::::::0:-5:12:::::30:-5:48:::
211	51.0	3.432563586557812E-4	TGTGCCAGCAGCTTGGCTCCTGGTGCCGCCAATGAAAAACTGTTTTTT	HHHGHHHHHHGHHHGHGHGHHGGGGGGHHHHHHHGHHHHHHGGHHHHH	TRBV7-6*00(1377.7)		TRBJ1-4*00(229.6)		430|444|467|0|14||70.0		25|43|71|30|48||90.0												TGTGCCAGCAGCTTGGCTCCTGGTGCCGCCAATGAAAAACTGTTTTTT	38								CASSLAPGAANEKLFF		:::::::::0:-3:14:::::30:-5:48:::
212	3.0	2.01915505091636E-5	TGTGCCAGCAGCTTGGCTCCTGGTGCCGTCAATGAAAAACTGTTTTTT	HHHGHGHHHHGHGHGHGHFHHGGFGGGHHHHHHHGHHHHHHGGHHGHG	TRBV7-6*00(1139.7)		TRBJ1-4*00(219.3)		430|444|467|0|14||70.0		25|43|71|30|48||90.0												TGTGCCAGCAGCTTGGCTCCTGGTGCCGTCAATGAAAAACTGTTTTTT	37								CASSLAPGAVNEKLFF		:::::::::0:-3:14:::::30:-5:48:::
213	3.0	2.01915505091636E-5	TGTGCCAGCAGCTTAGCTCCTGGTAGCAACAATGAAAAACTGTTTTTT	HHHGHHHHHHHHHHHHGFGHHHHHHHHGHHHHHHGHHGHHHGGHHHGH	TRBV7-6*00(1402),TRBV7-7*00(1226)		TRBJ1-4*00(234)		430|447|467|0|17||85.0;430|447|467|0|17||85.0		19|43|71|25|48|DT24|94.0												TGTGCCAGCAGCTTAGCTCCTGGTAGCAACAATGAAAAACTGTTTTTT	37								CASSLAPGSNNEKLFF		:::::::::0:0:17:::::25:1:48:::
214	2.0	1.3461033672775733E-5	TGTGCCAGCAGCTTAGCTCCTGGTGTCATCAATGAAAAACTGTTTTTT	HHHDHHGHHHHGFHGHGHGHHGHHHGHHHHHHHHGHHHGHHGGHHHHG	TRBV7-6*00(1397),TRBV7-7*00(1221)		TRBJ1-4*00(230)		430|447|467|0|17||85.0;430|447|467|0|17||85.0		25|43|71|30|48||90.0												TGTGCCAGCAGCTTAGCTCCTGGTGTCATCAATGAAAAACTGTTTTTT	35								CASSLAPGVINEKLFF		:::::::::0:0:17:::::30:-5:48:::
215	2.0	1.3461033672775733E-5	TGCGCCAGCAGCATCGCTCCTGGTGACGTCAATGAAAAACTGTTTTTT	GGGGHHHHHHGGHGGHGHGHHHGGFFGHHEHHHHGHHHHHGGGHHGHH	TRBV7-6*00(1377),TRBV7-7*00(1201)		TRBJ1-4*00(230)		430|442|467|0|12|ST432C|44.0;430|442|467|0|12|ST432C|44.0		25|43|71|30|48||90.0												TGCGCCAGCAGCATCGCTCCTGGTGACGTCAATGAAAAACTGTTTTTT	36								CASSIAPGDVNEKLFF		:::::::::0:-5:12:::::30:-5:48:::
216	1.0	6.730516836387866E-6	TCCCAGCAGCCTCGCTCCTGGTATCACCAATGAAAAACTGTTTTTT	HGHHHGHHGFEEGHGHEHHGHHHHFFHHGHHHGGFGGHHGGHHHHH	TRBV7-6*00(1338)		TRBJ1-4*00(230)		430|431|467|0|1||5.0		25|43|71|28|46||90.0												TCCCAGCAGCCTCGCTCCTGGTATCACCAATGAAAAACTGTTTTTT	36								SQQPRSWY_TNEKLFF		:::::::::0:-16:1:::::28:-5:46:::
217	1.0	6.730516836387866E-6	TCCCAGCAGCCTCGCTCCTGGTAACAACAATGAAAAACTGTTTTTT	HGHHHGHHGGGGGHGHGHHGHHHHHHHHHHHGGHHGGHHGGHHHHH	TRBV7-6*00(1338)		TRBJ1-4*00(230)		430|431|467|0|1||5.0		25|43|71|28|46||90.0												TCCCAGCAGCCTCGCTCCTGGTAACAACAATGAAAAACTGTTTTTT	38								SQQPRSW*_NNEKLFF		:::::::::0:-16:1:::::28:-5:46:::
218	1.0	6.730516836387866E-6	TGTGCCAGCAGCATCGCTCCTGGTGGCAACAATGAAAAACTGTTTT	GHHFFHHHGFGFGEGHGHGHFHGFHHHHHFHHFHGHGFFGHHHHHH	TRBV7-6*00(1393),TRBV7-7*00(1217)		TRBJ1-4*00(182)		430|442|467|0|12||60.0;430|442|467|0|12||60.0		19|43|71|25|46|DT24DT41DT42|42.0												TGTGCCAGCAGCATCGCTCCTGGTGGCAACAATGAAAAACTGTTTT	36								CASSIAPG_ATMKNCF		:::::::::0:-5:12:::::25:1:46:::
219	1.0	6.730516836387866E-6	TGTGCCAGCCTCGCTCCTGGTGACGCCAATGAAAAACTGTTTTTT	HHHGGHHGGGGGHFAGGBHGCCGGHHFHHGGGHHHHFHGGHHFHH	TRBV7-6*00(1378),TRBV7-7*00(1202)		TRBJ1-4*00(230)		430|439|467|0|9||45.0;430|439|467|0|9||45.0		25|43|71|27|45||90.0												TGTGCCAGCCTCGCTCCTGGTGACGCCAATGAAAAACTGTTTTTT	32								CASLAPGDANEKLFF		:::::::::0:-8:9:::::27:-5:45:::
220	1.0	6.730516836387866E-6	TGTGCCAGCCTCGCTCCTGGTGACAACAATGAAAAACTGTTTTTT	HHHGGHHGGEEGHGGGHHHHHHHHGHHHHHHGHHHHHHGGHHHHH	TRBV7-6*00(1362),TRBV7-7*00(1186)		TRBJ1-4*00(230)		430|439|467|0|9||45.0;430|439|467|0|9||45.0		25|43|71|27|45||90.0												TGTGCCAGCCTCGCTCCTGGTGACAACAATGAAAAACTGTTTTTT	36								CASLAPGDNNEKLFF		:::::::::0:-8:9:::::27:-5:45:::
221	1.0	6.730516836387866E-6	TGTGCCAGCCTGGCTCCTGGTGTCACCAATGAAAAACTGTTTTTT	HHHGGGHHHHHGHGHFHFGHHHHFHHHHHHGGHHHHHHGGHGHHF	TRBV7-6*00(1378),TRBV7-7*00(1202)		TRBJ1-4*00(230)		430|439|467|0|9||45.0;430|439|467|0|9||45.0		25|43|71|27|45||90.0												TGTGCCAGCCTGGCTCCTGGTGTCACCAATGAAAAACTGTTTTTT	37								CASLAPGVTNEKLFF		:::::::::0:-8:9:::::27:-5:45:::
222	1.0	6.730516836387866E-6	TGTATCGCCAATGAAAAACTGTTTTTT	HGGEEGGHHHHGHGHHFFHHGGHHHHH	TRBV7-6*00(1348)		TRBJ1-4*00(230)		430|433|467|0|3||15.0		25|43|71|9|27||90.0												TGTATCGCCAATGAAAAACTGTTTTTT	36								CIANEKLFF		:::::::::0:-14:3:::::9:-5:27:::
